"I'm Still Standing - From ""Sing"" Original Motion Picture Soundtrack",0mb7btREdC3wuIUmuVRgWn,Various Artists
I'm Still Standing,1jDJFeK9x3OZboIAHsY9k2,Elton John
I'm Still Standing - Remastered,2HJvW99WQacT35i0jDUpTi,Elton John
Im a Dog (feat. Gucci Mane),4Sa9pCUptA0vtlR9aUsdqW,D.G. Yola
Im Throwed (feat. Mr. 32),3oxYUY6PrgvcvMW3xrdMdd,Lil B Tha Grinda
Im Throwed (feat. Mr. 32 & Jay'ton),6eVRsg7RJ0WPGOepYztW9w,Lil B Tha Grinda
I'm Still Standing,6qrC8gIgaE8fnz8L4qUvur,Elton John
I'm Still Standing (Glee Cast Version),2TTGw9eM3mkwiQL4B7fPKc,Glee Cast
"You're Poison, I'm Well",7djqMFyrHD2tEqMWGhjPPe,Red City Radio
I'm Still Standing,1zOf4QsfEaCppaDT0laW2b,"Bishop Paul S. Morton, Sr."
Hot Girls In Love,1pB5Y2BPLez1J49KKKewUE,Loverboy
Girls Look Hot In Trucks,49ZvmqGuVEI2jpG6HRIS6R,Love and Theft
Hot Girls in Love,4GYMz11xT3lZBZpHF7B68Q,Loverboy
Hot Girls In Love,4cM9N6TI9DMYszd10mMF2E,Loverboy
Hot Girls In Love,0WgOM35Z0qrtgtfk17rCHx,Loverboy
Hot Girls In Love,54tWhZWS23BsoypLvfha67,Loverboy
Hot Girls In Love,7EhFfe5yHj5moc4Dnq0xMB,Loverboy
Hot Girls In Love,7k29tQydMQi1Y1KLNkq05k,Loverboy
Hot Girls In Love - live,6JLbIGDX7obLLH6xEMPxjP,Loverboy
Hot Girls in Love,5TOtAvXt5vBp7oylYc5JaQ,Nuthin' Muffin
It's a Mistake,5xNmWMhsZncmM9zziHww42,Men At Work
It's A Mistake,1ArdfXwdvwzapms9p1wxEb,Men At Work
It's a Mistake,06CUB4iLHgyenwlMwiLSF1,Men At Work
It's A Mistake,3n4B6Oj8glOxBCwVmRmW4U,Colin Hay
Pretend It's A Race And I'm On Your Side,1xnKd4MZ7upu3PmepPjrQt,James Figurine
It's Over,4qL6P8JBNbZNfmV0KakrxK,Owen's Grudge
it's my mistake,5lQWUNnMIUSht1EDa06NGV,Seven Words
It's My Mistake,4snDfCdfrMS7GjkT4MzKmF,Cajun Tradition
"I Made A Mistake Because It's Only You, Part 1 & 2",4aTUqVGaDg4pOCqskVHdZo,Various Artists
"First Mistake, Part 1 - Why It's Critical to Not Just Back Up Your Computer But To Back Up the Right Way",1J5OUDJTdkJY5Jxesr9JqV,Worth Godwin Computer Training
I'll Tumble 4 Ya,2QaTacWkV0bC68QYNCI3k6,Culture Club
I'll Tumble 4 Ya,1YFuzRhg3OtJiNFFHvdTgV,Boy George
I'll Tumble 4 Ya - 2002 - Remaster,5Xn3VOkgwwVs8Qpx3ueygz,Culture Club
I'll Tumble 4 Ya - 2002 - Remaster,4STMkxAYWWgfTceDTQXadl,Culture Club
I'll Tumble 4 Ya,00ZPTxnzNtNIkzjGY8guwE,Culture Club
I'll Tumble 4 Ya - Live,05sLTJfyy8GnrYnPfki9iy,Culture Club
I'll Tumble 4 Ya - 2002 - Remaster,6IDQtY4igyZIdnlvnPP81O,Culture Club
I'll Tumble 4 Ya - US 12'' Remix,2CxlC97iUrv8LJ4cM8haWV,Culture Club
I'll Tumble 4 Ya,19YVm2OKc8lSEbvZzIsD5S,Various Artists
I'll Tumble 4 Ya - US 12'' Remix,3KTsCsSEeUyp5Onjxk6COO,Culture Club
All This Love,10unIjOu5Jurco3SDbV4HZ,JP Cooper
All This Love,48bBO1utRUJLOEIGiUhkiB,Various Artists
All This Love,3ZUEdWfVROkbgOsG53ctme,Alesso
All This Love,6ABtlkvl08XQo6Xu24FJaf,DeBarge
"Love Is All Around - From ""Four Weddings and a Funeral"" Original Motion Picture Soundtrack",0PCGfA36HrVPmsBZJ57zOU,Wet Wet Wet
All This Love,0SWB5dYzq4UKchnkr8kBE8,El DeBarge
All This Love,2XDdla8FOfIijfB4Ug7MNa,JP Cooper
All This Love,79p3tnZZG3wP6Vbvr00cya,Angus & Julia Stone
All This Love,5wlQIBbKIWoB7AnSw09C6C,Faith Evans
All You Gotta Do Is Dream,2HP8eNmgbs3oYRjWqZUQHv,Tyrone Wells
Your Love Is Driving Me Crazy,3OghNV9ZOUbAj62CZptOEP,Sammy Hagar
Your Love Is Driving Me Crazy,4J2P0q7OQ1Tn0gvOOMjgez,Sammy Hagar
Your Love Is Driving Me Crazy,4vsAWLpwroCwrw1mjXW8a4,Various Artists
Your Love Is Driving Me Crazy,7mVnEHLupwO3PKLAdMmLmF,Don Gardner
Your Love Is Driving Me Crazy - 150 BPM,7IoQome80u51yWqfGkjnI5,Various Artists
Your Love Is Driving Me Crazy - Fitness Version,6I6M9PAUMBEChmNEpCXsQk,Various Artists
Your Love Is Driving Me Crazy - Fitness Version,4APyIy13iwvrOOw8nmqEom,Various Artists
Your Love Is Driving Me Crazy - 150 BPM,1qsPFE5VYDRiYHZx3q7rHp,Various Artists
Your Love Is Driving Me Crazy - Workout Remix 152 Bpm,5tp1rkKpakydnSf4NfjCin,Workout Music Tv
Your Love Is Driving Me Crazy,4PLy3m3uB37KNC4Vv0fUd2,Done Again
Heartbreaker,0N4RL8OFtthWHPY7QuRywo,Bad Suns
How To Be A Heartbreaker,2Ow4Pmi0VOOLvbmJ8V70qo,Marina and the Diamonds
Heartbreaker,6WE7jSshLCuVKoCmobVKVf,Led Zeppelin
Heartbreaker,0jsANwwkkHyyeNyuTFq2XO,Mariah Carey
Heartbreaker,21pCToQdqcPi879auxjxKe,Justin Bieber
Heartbreaker,22ML0MuFKfw16WejbxsLOy,Pat Benatar
Heartbreaker,7Crfr7SSFmcxNXi64fKEaB,Pat Benatar
Heartbreaker,6JMaLP7AfTzUXBgqXGQR8E,Brett Eldredge
Heartbreaker,2GCKWEsbb0Xo1oodTOKVi1,Justin Bieber
Heartbreaker,3I7a9joX0lJnK9XzE38GnD,Led Zeppelin
Faithfully,57ebBLITHpRgRKGrlbxMZS,Journey
Faithfully,6HzZhqXNyfJxuvQ9zfCc1U,Journey
Faithfully (Glee Cast Version),7Fn84f1WeWabP3aFXW5TA8,Glee Cast
Faithfully,7aNk0hjd9VCAoBirwg6aYZ,Journey
Faithfully,6kABlbpq8D32qZvXbsUkiu,Boyce Avenue
Faithfully,0tyswsCS7uQJtRBdQr3OHW,Peter Cetera
Faithfully,7lvGH1teE4CDGHcxvfKn4s,David Osborne
Faithfully,7rphvnvJGlw9VbLeBdrMtB,Rockabye Baby!
Faithfully,7DH7wfADuy7cfo1ZMhN7Qk,Faith Evans
Faithfully - Live,6e2y9qwbEywdjeKEzoxV1Z,Journey
Steppin' Out,2KY0QUeRY3IPuJI1gyU9BJ,Joe Jackson
Steppin' Out,7cxJUcO4HTrJ2jniaKOAaw,Steel Pulse
Steppin' Out,3eg0lzGXWHtJZHRsB6P90E,Electric Light Orchestra
Steppin Out,3ZZSxrE6PRpd2rzBnLHa6K,Big Gipp
Steppin Out,5evHfrqDbj3wD7141Cdhj4,Group 1 Crew
Steppin' Out,3Sr0uLJPcRrpDV7Dd7dzB5,Joe Jackson
Steppin Out,0T11SJ72FelMWW1UtpFU5L,The Jackal
Steppin' Out,6u9sFuXpPFZqtClamXLdm8,FLOW
Steppin' Out,05NdLBmUVkXlBpel2QR07Y,Kool & The Gang
Steppin' Out,7c63BTVFO04kCQuAJQK0Ij,Old Crow Medicine Show
Take Me To Your Heart,7rdtBpPpe4knfd7aD98h9X,Michael Learns To Rock
Take Me to Your Heart,3zCmQOtonCdoQnmEhdtGpO,Rick Astley
Take Me To Heart,3ZfjQOjf4jp4o6yfK5GtCB,Quarterflash
Take Me To Your Heart,25SnsdQLpaqaK9D27lIZud,Michael Learns To Rock
Take Me To Your Heart,1GL70r0LcSaGvl8wSaAvnG,Michael Learns To Rock
Take Me To Your Heart,1IeKFDvfsfmR3VVAws3lqT,Michael Learns To Rock
Take Over Control (I Want You to Take Over Control) - Radio Version,29pEkrVdYCYgXCgC1FqJY4,Nicole Tiffany
Take Me to Your Heart,2VvMb8ZOIeTrQ26jIDl8ze,Rick Astley
Take Me To Your Heart - Remastered Version,5yMnj6Shf9diZ3wScLL7rk,Eurythmics
Take Me To Your Heart (with Hyesung),0AwwauJhPrG7u8150ptdfK,Michael Learns To Rock
(She's) Sexy + 17 - 1999 Digital Remaster,5x5FUXjs53WbPuTwT6WD8d,Brian Setzer
(She's) Sexy + 17,1iJGfhSAoKI4G5BnbU0HL2,Stray Cats
(She's) Sexy + 17,4d3EmY9wwhFYkDtInwgf9T,Stray Cats
(She's) Sexy + 17 - 2000 Digital Remaster,1Uz1gVZHKgXClfvlo6uO9P,Stray Cats
"She's Sexy and 17 - Live at Loreley, August 20th 1983",0xih7AeZqlgg5pdwqcM16s,Stray Cats
(She's) Sexy + 17,2v7MuIYGiVEmhUfSn17oW3,Stray Cats
(She's) Sexy + 17 - Live,6tMf6fUDID6OEoMIyzdsk5,Brian Setzer
(She's) Sexy + 17 - Live,127r31kkY8un3ypyba5PkW,Stray Cats
[She's] Sexy + 17 - Live,4uioiiQk3uV4iyk4tek5V5,Brian Setzer
(She's) Sexy and 17,3hAA7YDDhdaKr7sqUD5dVQ,Dynamite
Try again,01AwwfC3sYLbtmECslpj2O,deadmau5
Try Again,2ccGGtsdRewQlSJJH7HlKT,Kip Moore
Try to Make a Fire Burn Again,6rKfnpSyHhdVrukCPZT3hK,Dawn Landes
Try Again,4Sav8RLaXMBpTZX6xNPj0K,d.ear
Try Again,7tYm1OPSO8gmFaTvQXTVo6,MountainCity
Try And Love Again - Remastered,3ULgE72PnMaeV6lzA0G6Jv,Eagles
Try Again,5uZlU3v9fq5ILATfqHvVwK,Campsite Dream
Nice Try,3pqk3OuPBFZcpzTIut2flV,I Am Arrows
Try Again - Jim Eno Sessions,7uHEDuhRWJQGSOWz9hlx9K,Rag'n'Bone Man
Try Again,0WbfjzHowY2PZAco1JEvis,Champaign
Dead Giveaway (feat. Charles Ramsey),3Dokp9HlJVXPlpgxBmHyWt,The Gregory Brothers feat. Charles Ramsey
Dead Giveaway,0iR5u87eNaxH9VQXQLQ7Db,Shalamar
Dead Giveaway,50fGSI7cKpaT6wql0Cavw0,Shalamar
Dead Giveaway,5R4THyKzLmNDtR9gNIe6W5,Storm The Sky
Dead Giveaway,5R6dURLGfdwde4yI1KnSYG,Ruth
Dead Giveaway,04xdxJMf7gQjANWCa3cp4W,Various Artists
Dead Giveaway - Radio Version,1HMlZ1r6SArbmY65IZKLv9,Shalamar
"Dead Giveaway - 12"" Mix",6soaK7VJmw2tB5OfapaFeO,Shalamar
Dead Giveaway,1CPzIaNYydz0ByhEeIYR2J,Molly Hatchet
Dead Giveaway,5f4SKVcet3BgAWuqWLmx4q,Trash Can Annie
Lawyers In Love,26lCNg8WekUoDbLhEbUyXZ,Jackson Browne
Lawyers In Love,6NNo2viQqXHPatRrJZTRQU,Jackson Browne
Lawyers in Love,4hvaZfWJOhOrRLzBMBccIr,Enord Khan
Lawyers in Love,3up9Eyz9naZcZkb0iAnOwg,KnightsBridge
Lawyers In Love,0RX5MQZrNWQPADo3qoxRpa,Graham BLVD
Lawyers In Love,4lY6Wi4ILUf8ZDbjqrrZGg,Starlite Karaoke
What About Me?,1MglqgabKH4iSkw8xHJ0J9,Snarky Puppy
What About Me,2Ku8ZuljFiRP8qLLwr1jPq,Lake Street Dive
What About Me,6xWB6gsBxIqpjiN2cGDoUF,Isac Elliot
What About Me,0xv8JISUca1rz2MyowbY4i,Keith Urban
What About Me,2llTAS9rsnh55ApPus3YXd,Gerald Levert
What A Shame About Me,0EteUgvC5L6C6hShNTOENq,Steely Dan
What About Me? - with Kim Carnes & James Ingram,1xdMocoG6LHgymfs9lu7tk,Kenny Rogers
What About Me,0OlnSESRYugVSEEJhWnP6M,Boosie Badazz
What a Wonderful World,04cdEVbQPb8BJb7593e5fO,Joey Ramone
What About Me,2i9q3lP12DupkoChrJiWMd,Jessica Reedy
Human Nature,4cgjA7B4fJBHyB9Ya2bu0t,Michael Jackson
Human Nature,35lAjvsvS9k9HHuP1fjDT8,Michael Jackson
Right Here - Human Nature Radio Mix,7tUEDtHchueeUJTfEFEhii,SWV
Human Nature,7jcDPNcPbX5dy2yw8yUsBO,Michael Jackson
Human Nature,2vzcOv9oknYgbiZXUadJAD,Caught A Ghost
Human Nature,6V4J2HZcAiXadhncptrSer,Sevdaliza
Human Nature (Glee Cast Version),4IWaZPFnwv8fml7advF6a1,Glee Cast
Human Nature,2G0i6bHhwBbkkykm1lrPun,Paperwhite
Human Nature,6vA0oK0LIQtWCjPjpww4Tr,Michael Jackson
Human Nature,4Cna7QxOOTNnylVHLtShCi,Madonna
Photograph,0bhnUFDQFCEHCBlsQfHnj5,J. Cole
Photograph,0rQxJYkzMkcbed8NVmpvvT,J. Cole
Photograph,1HNkqx9Ahdgi1Ixy2xkKkL,Ed Sheeran
Photograph,6fxVffaTuwjgEk5h9QyRjy,Ed Sheeran
Photograph,2wdEXKLcuU7B0M2gqFmABH,Nickelback
Photograph,3hb2ScEVkGchcAQqrPLP0R,Nickelback
Photograph,3MT0uaKFJ259NrGDib8EO5,Def Leppard
Photograph,01CT2r5NLfYvtJHBFWfsXB,Annie LeBlanc
Photograph,18URo35acNKRTHfEdjTcGn,Def Leppard
Photograph (feat. Bea Miller),6Pbh08Uo0o51ha2JOW8KtE,Boyce Avenue
Pass The Dutchie,7iWk45E2wIpFc3YUWm3VVn,Musical Youth
Pass The Dutchie,3aJnK1bZj6e7ysHO4P68qk,Various Artists
Pass the Dutchie,1PM3tPQngHNdpNc2fyzPRE,Buck-O-Nine
Pass The Dutchie (Re-Recorded / Remastered),6M9JoMW9A07bTkMIc4jSSK,Musical Youth
Pass The Dutchie,3ZRix7ftYLy9MUTnqgKuvr,Various Artists
Pass The Dutchie,3zCqSbFnmnUeH91ogBW8BY,A.B. Quintanilla III
Pass The Dutchie,4s4KlGfd3tBaSflx18R5jX,Musical Youth
Pass The Dutchie - Odjbox Remix,7cXJ1XVJzaShGkZaIpKG2M,Musical Youth
Pass The Dutchie,4Uc93kr1EJho0pFBjtc9Gz,Various Artists
Pass The Dutchie,0UNgzoMhkphZlbOyzOFpRQ,Sharna Bass
True Colors,1oGdVdYjeQvojGKDddxLQQ,The Weeknd
Sad But True,1Ug98CRiQYu7wiSym4uLY4,Metallica
True,0CsM8VGDi38kusMv3pxyj1,Spandau Ballet
True Feeling,6R1ArLLvqPvS3AHg9YgmrQ,Galantis
True Colors - Film Version,1JY9hsqLWZ3JB3K39Ve1xF,Various Artists
True,6eDYgjKl4vUgRusxb7THDu,Spandau Ballet
True Colors,7xvqJlCB4eStxxMjFJyYuo,Various Artists
Love You True,73EaA3mjNHgsIiFrm2hZzV,Lydia Luce
True Friends,1KTJmfwrk5pYqsi9mkY3nT,Bring Me The Horizon
True To Myself,5N0lcnJTtKj4wNDvurHige,Ziggy Marley
Far From Over,7we4F7WaGl3wb5Kw96Oeic,Rev Theory
Over The Hills And Far Away - 2007 Remastered Version Live Version from Song Remains The Same,43eKzcAM0h6xGVaEyCcpZW,Led Zeppelin
Far From Over,1Ax2ffMFYxzzIvQkRj3nOC,Various Artists
Far From Over,0lrHhsxxKOOdRTZQxICEfJ,Jawga Boyz
Far from over (Remix),5rRV8RM5wQ6ELqZXFk2pJN,Jawga Boyz
Far from Over (Glee Cast Version),1ECi5VaLTVNopeoZ2jZcLd,Glee Cast
Far From Over,0qTyeJ27WcSv3pV5RGuYVs,Vijay Iyer Sextet
Far from Over (Mix Cut),04bveoDctK3pElhpFvh047,Tiësto
Far from Over,4PA3PWuWh531qvRemknKCC,No Resolve
Far From Over,5gxC6BfIQGThp2X3gU1m9F,Kamaya Painters
I've Got A Rock 'N' Roll Heart,0pEu81PfEP0L9u4iTY5zvI,Eric Clapton
I've Got A Rock 'N' Roll Heart,0bsVmf3Ki4x4BzvdrlbYXi,Eric Clapton
I've Got A Rock 'N' Roll Heart,0SKK2FzhKncH8vmNp27uFi,Eric Clapton
I've Got A Rock N Roll Heart,5oSOWgA55dw17BgZlgoWwB,Social Parallel
I've Got A Rock 'N' Roll Heart,6D2EMmzXpD0biYuaSKt5g6,Eric Clapton
I've Got a Rock 'n' Roll Heart (Made Famous By Eric Clapton),2TlLEW4keXpyFrDZa8AoBv,Toners
I've Got a Rock 'N' Roll Heart - Originally Perfomed By Eric Clapton,04ggqrAWVVkpgOzhsNdjzH,Instrumental All Stars
I've Got a Rock N' Roll Heart (Karaoke Version) [Originally Performed By Eric Clapton],0nCeRAPk1Cd0d9s2VwG4Hi,Various Artists
I've Got a Rock 'n' Roll Heart - Official Bar Karaoke Version in the Style of Eric Clapton,002FlLgRuHjhSvY2BnYldA,Playin' Buzzed
I've Got a Rock 'n' Roll Heart (In the Style of Eric Clapton) [official Instrumental Backing Track],3hkuEXShO4MjixRDGxYhEe,Original Backing Tracks
It Might Be You - Theme from Everyday I Love You,4FdQYoWFym37QDQ2GkEHi1,Michael Pangilinan
It Might Be You,2wBblZ0wyRVjSVKQrNwSFx,Stephen Bishop
It Might Be You,5JXiWu9sTkRyOEyC1OQeJM,Kai
It Might Be You,1ITrrLR8ENdkRgGWDc1ydi,Stephen Bishop
It Might Be You,7BJQq6b5PwYCIN0ER6Ds8B,Erik Santos
It Might Be You (Theme From Tootsie),3TRexXc7XRFVZA1WZPkOGY,Dave Grusin
"It Might Be You (Theme from ""Tootsie"") [Live]",7FN4IEA5O64DjkC18jpDih,Stephen Bishop
It Might Be You,5Qow62XGpXFG3l4CO4tSnO,Daniel Padilla
It Might Be You,3Rufli1yB8NTPOii0qReSp,Roberta Flack
It Might Be You,5n6Y8zW8VbLIfdbrOsdmVc,Daniel Padilla
"Tonight, I Celebrate My Love",622nEHkm52E6ijVShcea9f,Peabo Bryson
Tonight I Celebrate My Love - 1993 - Remaster,09KJFe5JEdbXm4F0CSpHoO,Various Artists
"Tonight, I Celebrate My Love",46K6ha7ewGSY30ob1B0JMI,Peabo Bryson
"Tonight, I Celebrate My Love - 2001 - Remaster",6KgBoqgnh8i6AjU0slFeYe,Various Artists
Tonight I Celebrate My Love,3y1PBak90GuXLodDfpeFiC,Attila Fias
Tonight I Celebrate My Love,0OXjLhuQkK5TUtuDfXX9Gd,Various Artists
Tonight I Celebrate My Love,0aO67VbnBTWtBDYOfVlYvm,The O'Neill Brothers Group
Tonight I Celebrate My Love,5ldS4aaSvdCTPOxeU5UPYL,Richard Clayderman
Tonight I Celebrate My Love,2U0mJFbE4DVrjQceD3h3KE,Steve Donovan
Tonight I Celebrate My Love,5ItHEosX6VjBK7Zm2mQP7b,The O'Neill Brothers Group
You Got Lucky,1iN5keQmzqiCN2AwuYDcZ8,Tom Petty and the Heartbreakers
You Got Lucky,5eMZ3EPIMGoWlrrVhxatdv,Tom Petty and the Heartbreakers
You Got Lucky,5Mc4cz1QdX5n2vFV0K10vM,Tom Petty and the Heartbreakers
You Got Lucky,06M6ANp2yXdhpGssKPhT69,The Gaslight Anthem
I've Got You Babe,1rKTDEW0gytxq91K92QUBp,Lucky Dube
You Got Lucky,0DfCzMOWC4HMU8XrHKwXyo,Various Artists
I've Got You Babe,67ERG1dG1XN9Rh4DFYFVDk,Lucky Dube
If You Think I Don't Need You,6zJRKH3JngVdAmcwl6jo0x,Elvis Presley
You Gotta Stop,4bnSlpbSAtNU4iRGh9UHjp,Elvis Presley
You Got Lucky,3MjmPuPzDL3AChuE9He4J8,The Nickel Slots
Don't Be So Hard On Yourself,6jF1nHIMESqft9p33tQYPn,Jess Glynne
Big Girls Don't Cry (Personal),3Q4WeJmzxuDpzMu9QjQqbM,Fergie
Don't Wanna Cry,6Upu6yjkdi0DVI8E3IBZEU,SEVENTEEN
Bad Girls Don't Cry,62xmE28Nyew8nNRabYeivN,The Night Game
Boys Don't Cry [Single Version],4dneV7C1yDt9UtyxrQY375,The Cure
Don't You Cry For Me,6fhEYtnORqxaEoxSrMH2bx,Cobi
Don't Cry (Original),2N2yrmodOnVF10mKvItC9P,Guns N' Roses
Don't You Cry For Me - Acoustic,2okaCGJegLC7oK8z7OXutm,Cobi
Oh My Darling Don't Cry,3gVaOBlP4CaRqfUttZ4Avd,Run The Jewels
Cowgirls Don't Cry - Featuring Reba McEntire,54007AqKIiRCG69C3ySu0b,Brooks & Dunn
Breaking Us In Two,36lvQP8MgB6ZDJ0zgQ64Cn,Joe Jackson
Breaking Us In Two,767BYYVKKNdFCI2GrCk4BR,Joe Jackson
Breaking Us In Two,4fP1DI6DPWWeXnsGn10AMq,Joe Jackson
Breaking Us In Two,2TVfp59nd07el3Im6wqYRT,Joe Jackson
Breaking Us In Two,25vivRASfD3Z70RRBbkb8n,Joe Jackson
Breaking Us In Two,4R0zZ4GoVZCHiuz3qzhRNL,Mandy Moore
Breaking Us In Two,6ZbCiPWmQ40S3xUpABYifI,Joe Jackson
Breaking Us In Two - In Concert: Hammersmith Odeon 02/10/1982,5tHtibQNsIYByBbLdRkwEF,Joe Jackson
Breaking Us In Two - The Big World Tour /1986,6XMVRD1CAAfsODymv1Llsr,Joe Jackson
Breaking Us In Two - Demo Version,2uIjlJB86oGjWn9oMUeFYE,Joe Jackson
Fall In Love With Me,6YQjQdymVA9tvE0Ygnpsdd,Iggy Pop
Just Let Me Fall in Love with You,4Y2uzVY36c4OCeJERNryaN,Joe Nichols
Fall in Love with Me,5qugKP8gPqN91O7KBMkW6P,"Earth, Wind & Fire"
Make Her Fall In Love With Me Song,3lEfWXVeo02PI4QaX5ocV9,George Strait
Make You Fall In Love With Me,1dEWHgN0zuCQlUM1J96h24,Brett Dennen
I Didn't Fall In Love With Your Hair (feat. Carolyn Dawn Johnson),6DAMknAn59Lk2ZhTA9bkcH,Brett Kissel
Fall in Love with Me,5rn0IMRfzn14vyTxTeAOEL,"Earth, Wind & Fire"
Fall In Love With Me,5zioDRGlACnYaJ8TRkUuCl,Warhaus
Fall In Love - Original mix,6dDwPL9nfFkJGJzZgn50E9,Various Artists
Fall In Love With Me,2nUjOCyDPrH2ZW3hYMs3rW,"Earth, Wind & Fire"
When Doves Cry,51H2y6YrNNXcy3dfc3qSbA,Prince
When Doves Cry - Recorded At Spotify Studios NYC,4LLTqpc4ywNrx89seBQi3w,Sarah Jarosz
When Doves Cry - 2015 Paisley Park Remaster,5wYgc53ayonbzaDc0o3bAP,Prince
When Doves Cry,7ffE3UYWppPyCRTfIrA3nf,Prince
When Doves Cry,5ba0N6VWONwWnCe6esoumq,Prince
When Doves Cry - Radio Edit,4MDtgMiQI0Pmec9PoT6iv8,YNOT
When Doves Cry,0EX00YpFv3ivweoG7T3j2n,Ginuwine
When Doves Cry,0IzJ11BMPGG9AQ09wybJw7,Prince
"When Doves Cry - 7"" Single Edit",5aEfPt7OoJhpeeEj5MkXQ4,Prince
When Doves Cry,4feAgyLSEjPolAqkJD8f7V,The Be Good Tanyas
What's Love Got to Do with It,4kOfxxnW1ukZdsNbCKY9br,Tina Turner
What's Love Got to Do with It,6FcQD1qOpqV8NdhY45sKyI,Tina Turner
What's Love Got To Do With It,6IBA0Sy4fygin7LNDY9Vtt,Various Artists
What's Love Got to Do with It,0PlxkfQrCeE0XMqcjGlzsi,Tina Turner
What's Love Got to Do with It,04pcMIy3xrbNpecnb0Ii8q,XY&O
What's Love Got to Do with It,7iCvKxYXVwYiCuHSXeyn7g,Tina Turner
What's Love Got To Do With It,3Ur2X9ialP9oFmovCXdbeA,Various Artists
What's Love Got To Do With It,5VfgiRSwpKIizkVxjQ8cWY,Various Artists
Whats Love Got To Do With It?,2hmxo3RPyXXGbijbkDrO3C,Bucks Fizz
What's Love Got To Do With It,1xbq9mVphBVQ5D57qaBRy7,Prides
Say Something,09ts3GnICqYEU5PkQCpJK3,Justin Timberlake
Say Amen (Saturday Night),4qSsjDGXplb6422X2INvFW,Panic! At The Disco
Say It,2Gyc6e2cLxA5hoX1NOvYnU,Tory Lanez
Say Something,1LhMopPAallLeaeNutqbgS,Justin Timberlake
Say My Name,7H6ev70Weq6DdpZyyTmUXk,Destiny's Child
Say Something,6Vc5wAMmXdKIAM7WUoEb7N,A Great Big World
Say Love,1csB4kgdyglOQdH0EyFIqy,James TW
Garden (Say It Like Dat),19woxaSpjOefa2JnAOoqW5,SZA
Say Less,7l0u38sWDqqk6TySNOZtO3,Dillon Francis
Say Hi,1wv65oTk6ezLpMYLaVeSeT,Codeko
Footloose,2vz1CsL5WBsbpBcwgboTAw,Various Artists
Footloose,6W2VbtvMrDXm5vYeB7amkO,Kenny Loggins
Footloose,4shPfi6RsJiwQtso2XFGiL,Blake Shelton
Footloose,2CYiz0Mv8FYKPw7prokwDC,Kenny Loggins
Footloose,7uvYq7yxkBRYuD6YMaP3o9,Various Artists
Footloose,6ijK0byhkfjqMQcLrzSIbl,Various Artists
Footloose,0TFp6nGwhfY1ratCI91yO2,Various Artists
"Almost Paradise - Love Theme from ""Footloose""",3HI7oXJcgIXOhhPBvONWFo,Various Artists
Footloose,1KjqybxJeKMlq1h5s6YhIt,Various Artists
Footloose (Glee Cast Version),5IaU0ab2EFPjuopw4EAVTB,Glee Cast
Against All Odds (Take A Look At Me Now) - 2016 Remastered,63CHa6rmamv9OsehkRD8oz,Phil Collins
Against All Odds (Take a Look At Me Now) - Remastered,5OCZT3xK3ZgPUP8PJMqXyu,The Postal Service
Against All Odds (Take a Look at Me Now),3dfW4YCs9Wvm83csZRpmbA,Westlife
Against All Odds (Take A Look At Me Now) (Glee Cast Version),7o87tp9OYy41izkatfkist,Glee Cast
Against All Odds (Take A Look At Me Now),1vf0m8FrWV2f8CiU72mysM,Mariah Carey
Against All Odds (Take a Look at Me Now),0Ac0Ge47UpkVceZyPin7IP,Westlife
Against All Odds (Take A Look At Me Now) - 2016 Remastered,3cKgbanUbfrBeoFQtO6rf5,Phil Collins
Against All Odds (Take A Look At Me Now) - Live,3O8FqCdpapbcqC8HIbquGz,Phil Collins
Against All Odds (Take a Look at Me Now),3JmeuYQH9nsKHFKcMC1eBp,Julian Sean
Against All Odds (Take A Look At Me Now),1bsPhzP1HcsPVRWogkllk7,Barry Manilow
Jump Out The Window,1jQsKN68yE94tMYml0wHMd,Big Sean
Jump Around,3TZwjdclvWt7iPJUnMpgcs,House Of Pain
Jump - 2015 Remastered Version,7N3PAbqfTjSEU1edb2tY8j,Van Halen
Jump,27AHAtAirQapVldIm4c9ZX,Kris Kross
Jump (feat. Gizzle),51gbF0SxTmxgAguiWWUXPu,Lupe Fiasco
Jump in the Line,1zW2csx1vVJrKfvDrFQNVt,Harry Belafonte
Jump Out The Face (feat. Future),17AS0y6FnHdYImAPUydAJg,Meek Mill
Jump,6Fba9RZtC6vTY814JToDtP,Van Halen
Jump Right In,6yIMatK8OCXC3GuIlwHxuM,Zac Brown Band
"One Jump Ahead - From ""Aladdin""/Soundtrack Version",69ZNzwrCGP6h5ewkJQWWaT,Various Artists
Hello Beautiful,4pYd8dIohiqc3KsxSRqf0w,Noah Schnacky
Hello,4sPmO7WMQUAf45kwMOtONw,Adele
Hello,0ENSn4fwAbCGeFGVUbXEU3,Adele
Hello,30Chv2SmIry70YwtmtaKnj,J. Cole
Hello There,7fyx7nBQTEtYrfXc0UgUYs,Dillon Francis
Hello Ego,2kt06ZsD735FYBZO8yAAQs,Jhene Aiko
Hello,0mHyWYXmmCB9iQyK18m3FQ,Lionel Richie
Hello My Old Heart,2c62Xf5Po1YSa1N6LOjPHy,The Oh Hellos
Hello,2jXTBrywc6ruxaUXW84Xhr,Various Artists
Hello!,08hlFtp8y9S6YZmjBNvQ1I,Trey Parker
Owner Of A Lonely Heart,0GTK6TesV108Jj5D3MHsYb,Yes
Owner Of A Lonely Heart,4uLo3el3oXuxQxHhDHJr40,Yes
Owner of a Lonely Heart,3QO9o7xEsDUSvnLasrqOwI,Various Artists
Owner Of A Lonely Heart,1ASK4Hs7a2V2jMxWnRjrV6,Various Artists
Owner Of A Lonely Heart - Extended Remix,65oXAEPde2ARDKkg9A13gZ,Yes
Owner of a Lonely Heart,3HEG2NZUEejvqXmeavZPWo,Jenn Champion
Owner Of A Lonely Heart - Remastered Version,5weTcJ7odoPmc9I66DBkKn,Various Artists
Owner of a Lonely Heart,0HXg2FtGDBsD7fGi99vxdt,Grizzly Bear
Owner of a Lonely Heart - Original Mix,67APpNz0kX0S8LhOT6EaPR,Various Artists
Owner Of A Lonely Heart - Remastered Version,5xDnvrhrrOul3ODzHu5Img,Yes
Ghostbusters,300zfRaCgTmEm5Eqe3HqZZ,"Ray Parker, Jr."
"Ghostbusters - From ""Ghostbusters""",6QGI6v91UlqSytTDVKZIUP,Various Artists
Ghostbusters,4xTMKnLtz1PVfZRElleujx,Various Artists
"Girls Talk Boys (from the ""Ghostbusters"" Original Motion Picture Soundtrack)",3AqhGYasXnen5PvLsHL1vc,Various Artists
Ghostbusters,3m0y8qLoznUYi73SUBP8GI,Various Artists
"Good Girls (from the ""Ghostbusters"" Original Motion Picture Soundtrack)",2K7QDWSJotQ4qFlnDtRqQJ,Elle King
Ghostbusters vs Mythbusters,3AFPkGWf7yPF1J9Kjar0TE,Epic Rap Battles of History
Ghostbusters,4GEziMAs8NATm4Pgh3VD09,Various Artists
"Ghostbusters - From ""Ghostbusters""",0sTHEo24E8LxasEkSnpUkx,Various Artists
Ghostbusters,4GSDBE8ZxcMlHjG4kqfPAH,Trap City
Karma Chameleon - 2002 - Remaster,2wSAWEYUHkt92X4SBAPqZE,Culture Club
Karma Chameleon,48O0GrGJWml3DzHhC5sJ7a,Boy George
Karma Chameleon,5n2o8ct7efuy6J2jlZ2t3u,Culture Club
Karma Chameleon,2hBlRIrKBparifbSN204ir,Me First and the Gimme Gimmes
Karma Chameleon,5hJEuHnEoA39xpA0GDlO4t,Various Artists
Karma Chameleon,1q0lZbaRBoQprk9Yyld0WU,cXo
Karma Chameleon,4t0mQMDKnTaM0XcfTF6Nor,Various Artists
Karma Chameleon - Remastered,5neo2qvzG3wNY9mZBJ7dGx,Various Artists
Karma Chameleon,6G0Mzz8FtqAyfeHEeUd0XQ,Various Artists
Karma Chameleon - 2002 - Remaster,5mtc3FsxZLnAvA9miILHys,Culture Club
Missing You,0c2yZp1tTYAUiKraMdS8Yg,All Time Low
Miss Missing You,05Z77MHLPcBA2Wd5eDSJzl,Fall Out Boy
Missing You,1Qrdlkgg9I4J7r3P4kZNwr,John Waite
Missing You,74mLqaoGbdKYmgUxoVxD6S,Case
Missing You,418YSHZlCzQAmsffD2ding,YFN Lucci
Missing You,7oXVcabTfo1qmLyG0k12qC,Blake McGrath
Officially Missing You,4IFYR5smTnHYCLP82AiDrJ,Tamia
Officially Missing You,57zCPgJ2xnD552JTmOaWdQ,Tamia
Missing You,5Sx22WASoyuCUbK72Fs78y,Flatland Cavalry
Missing You,2zlgwqw8BLX2JGB76LIFeF,BTOB
You Shook Me All Night Long,2SiXAy7TuUkycRVbbWDEpo,AC/DC
You Shook Me All Night Long,6yl8Es1tCYD9WdSkeVLFw4,AC/DC
All Night Long (All Night) - Single Version,2Wb9ejnmy27DUTUe9YF5Ew,Lionel Richie
All Night Long,4gKCKczP2zGcRn5okrxLU7,Machine Gun Kelly
All Night Long,7iyjZ4paFWpTrJJenM0yZb,Mary Jane Girls
All Night Long (All Night),2P0COBqN70Hd2KYQj4KRjk,Various Artists
All Night Long,3S2FbH4sFIpjuOwBLurWfn,Upchurch
All Night Long,7JkgTTbLqVq9wOXNnHqdy1,Tom Dice
All Night Long,5WEzfduanxrysEU27VKhkW,Buckcherry
All Night Long,3y0WcZjvgK1t8GdMtuNfOk,Mary Jane Girls
Let's Hear It for the Boy,5kaF88lat4fWUiDXP6G48M,Various Artists
Let's Hear It for the Boy,4VyU9Tg4drTj2mOUZHSK2u,Deniece Williams
Let's Hear It For The Boy,4SazH9PwRRdOGzAwh3BZFt,Tom Snow
Let's Hear It for the Boy,2WfuubspEpApFFLJLVAOnU,Various Artists
Let's Hear It for the Boy,22VWDsdw3hF7S9BMg6nUlN,Various Artists
Let's Hear It for the Boy,1y8TSlMsECCLQEQiw0WkSc,Various Artists
Let's Hear It for the Boy,4dkPHgfdLiZOrN5NrespoF,Deniece Williams
Let's Hear It For The Boy,6YHkh8W9gkbnkSV6Nu1Vhy,iCarly Cast
Let's Hear It for the Boy,5JaUGTbxyeDyInQQqizUnx,Various Artists
Let's Hear It for the Boy,78U9ftoV4Y5PmtHAzTZnFr,Various Artists
Dancing In the Dark,7FwBtcecmlpc1sLySPXeGE,Bruce Springsteen
Dancing In The Dark,1bUxhowmWOZbM79wBQE5tz,Imagine Dragons
"Dancing In The Dark - From The ""Home"" Soundtrack",3nlVjrlLMJHC7Flf9impf9,Various Artists
Dancing in the Dark,0aLBrgdmfl1DADg3ZO6y0N,Eddie Berman
DaNcing in a RoOm,2zTjF6OGxklU5Ulv7iTf4R,EZI
Dancing In The Dark,0gXmHoUSNYxXd5HIzIHxoX,Hot Chip
Dancing In the Dark,211PWVr3FF49fYoItC6QA0,Various Artists
Dancing in the Dark,1Tp7AHmZ1Q6GVGQFIqE40x,The Harmaleighs
Dancing in the Dark,1dtAI0OlFbNoGWxHD5HPJB,Solange
Dancing in the Dark,0R8T0AhlAsZ3SWJQIm6QGK,Bruce Springsteen
Girls Just Want to Have Fun,4y1LsJpmMti1PfRQV9AWWe,Cyndi Lauper
Girls Just Want to Have Fun,2zjt2hHBbiv5SuxYg8Z7eP,Cyndi Lauper
Girls Just Want to Have Fun,4Xmi5NF1gh6ACPO5fX9HbQ,STRFKR
Girls Just Want to Have Fun,0uqOqX59mgWBqfPAdX0BDK,Various Artists
Girls Just Want to Have Fun,0QVgZCAnasHo3TevIz7XLW,Cyndi Lauper
Girls Just Want To Have Fun - Demo,3Qy9NQhUhXKQFXWEBjm4UI,Greg Laswell
Girls Just Want to Have Fun,2TNunMoVo2ljfEQYwEZuQk,Various Artists
Girls Just Want To Have Fun (Feat. Adam Lazzara),3y0Kc31RETxHDSxo79zLZN,Various Artists
Girls Just Want To Have Fun - The Voice Performance,0Znq8Kk8C9J1kjlgwCbx5A,Addison Agen
Girls Just Want to Have Fun,2Wu7zJOBCncuHRSEajwHik,Scary Pockets
The Reflex,4DDgVahgRnITUk6Wnu5FWR,Duran Duran
The Politics Of Dancing,6edIZ76uLiHDkW64VVxGk8,Various Artists
The Reflex,0OsWMTxDjtpmJjX43113oq,Duran Duran
The Reflex - Single Version;2010 Remastered Version,4sz1Ng2Cgidfqqiy0pNL6R,Duran Duran
The Reflex,3gsIAou7LjiL3ayF9dR46V,Duran Duran
The Reflex,4HEKsKCuIqxgZMSaTaNUh0,Duran Duran
The Reflex - 2010 Remastered Version,60StghTk9dzZHrtd470zcp,Duran Duran
The Reflex,17ebSvfk0UwuXrjCH5HmEN,Duran Duran
The Reflex,51vynPEvlsFKvVS5Jrra1G,Duran Duran
Hooked On You (The Reflex Revision),3IXtEnIxfDp7nR7vqske8n,Cerrone
Time After Time,5kOBEsqVNwi4udPRbagNIV,Iron & Wine
Time After Time,1Jj6MF0xDOMA3Ut2Z368Bx,Cyndi Lauper
Time After Time,7o9uu2GDtVDr9nsR7ZRN73,Cyndi Lauper
Nuh Time / Tek Time,5YxaccATvDTIOpue7vu6Tn,dvsn
Time After Time,0ZciyueIR3Jl1gh4lbiLsk,John Coltrane
Each Time You Fall In Love,6YbqjyoqQx9p13IndkOzeP,Cigarettes After Sex
Time After Time,5i17G48swlxfwtQKeq5xcF,Quietdrive
Time After Time,6G41H0Zd0kQ1WXWDoEotoJ,Cyndi Lauper
Time After Time,5RUrVSdaXFVXjYK4lr2xf3,Lil Baby
Time After Time,0f9Zt37k5AnTkrGIFqhkK6,Various Artists
Jump (For My Love),4k0bXm9Q4RaTuYi09i4lKK,The Pointer Sisters
Jump (For My Love) - Single Remix,2TIKxe1afsEcYWBvyTgQt3,Original Soundtrack
Jump (For My Love),3L9ClO1W5KmebIXTrlKShF,The Pointer Sisters
Jump (For My Love),0yK82pCjXToTWqyK1iyVMY,The Pointer Sisters
Jump for My Love,7lYYntctaEcbeO3h2nnk5p,Perpetuum Jazzile
Jump for My Love (Live),2rnvyNAmcdyuuVjBptStTU,Perpetuum Jazzile
Jump (For My Love) - Single Remix,0EYigGnn91koV8IhpDjCrG,The Pointer Sisters
"Jump (For My Love) - 12"" Long Version",6G0Z3FVfSm84VcCASsdZJq,The Pointer Sisters
Jump (For My Love) - Single Remix,7wcu7EleQvIPzBoWQtcy5I,The Pointer Sisters
Jump (For My Love) - Single Remix,4WoT9wgK9o1cxBfKRWlRzx,The Pointer Sisters
Talking in Your Sleep,7fRvtXvJMpGfTLdF0M09a1,The Romantics
Talking in Your Sleep,08JKuFJCHJVw1SgHHjwsS9,The Romantics
Talking in Your Sleep,1LVDyF6lGAPQGiL09X9m01,Various Artists
Talking In Your Sleep,318ErhRbVM1nQxJJs1bmM3,The Civil Wars
Talking In Your Sleep,3DnnIu00UjE3nbiiQkTnfv,Gallant
Talking in Your Sleep,2faLQcZfV1qG82eNJRjLBM,Various Artists
Talking In Your Sleep,0GGmZenoIvJcfOVPV3vNiv,Crystal Gayle
Talking in Your Sleep,6FXQERPP5in7i1o3hk1vWi,Various Artists
Talking In Your Sleep,5G90yO7bWvRqixHHyqvp9b,Crystal Gayle
Talking in Your Sleep,2YrWZBxXRtYn2mEYHqBiKk,Will Jay
Self Control,5GUYJTQap5F3RDQiCOJhrS,Frank Ocean
Self Control,3cZERPgr3EpE62ZKG7EHq2,DallasK
Self Control,6JNJERZGJwDVgkmbohBw7u,Laura Branigan
Self Control,2gj65tRDFCNfKCa4qyX9Z6,Various Artists
Self Control,2XxCSaNneruBVz5NBVlS8v,Lauren Sanderson
Self Control,1Dh4bdLeSIQl1SrzPNWyN6,Yoga Tranquility 365
Self Control / White Ferrari,4YSmEdgi6lmgLxl2on6C2N,ukewithnix
Self Control,4JsQkSOE4taeyhH3pv1een,Laura Branigan
Self Control,7nO2pVDwUASgEUwQPaHYo9,Kate Boy
Self Control,7dxR4Yop8pBroqy0XJhzXM,Scissor Sisters
Let's Go Crazy,0QeI79sp1vS8L3JgpEO7mD,Prince
Let's Go Crazy,6BkX6DnUG80xPlBfb2zmrZ,Prince
Let's Go Crazy - 2015 Paisley Park Remaster,5dNycZ5wpyN5RIpwaXIXG6,Prince
"Erotic City - ""Let's Go Crazy"" 7"" B-Side Edit",4pkEET0wXNNY5o61lVK5FF,Prince
Let's Go Crazy,57fxurSsYeab3MFchQ2Eak,Prince
Let's Go Crazy - Special Dance Mix,6wuqxoGer92sx2uI0R4C7e,Prince
"Let's Go Crazy - 7"" Single Edit",21Zwa4cIGqMUE3kRAhQyFB,Prince
Lets Go Crazy (feat. Chrystina L. Fincher),3dZ9p3ojAwwB5G4bOUHRk1,Amber Sky Records
Let's Go Crazy,29jLxTAZZwJPIpnHITiybK,Prince
Let's Go Crazy,48qRopQJ9wxyPTpMM2qOuk,Prince
Say It Isn't So - Remastered,2bZswvNGESo7MKeg7SQ9rp,Daryl Hall & John Oates
Say It Isn't So,5MCIbKkyD1O7OZzXhzI7Rl,The Outfield
Say It Isn't So,1ATq1R2bLeKXOSti9kzj5f,Daryl Hall & John Oates
Please Say It Isn't So,4DXdJKTqDDZKLSszLrhfTB,Various Artists
Say It Isn't So - 1992 - Remaster,5lLCrgPa3epNUXheIEIJX1,Julie London
Say It Isn't So,4Dnnchb3a2hx3HlUfF9DXE,Bon Jovi
Say It Isn't So - Remastered,4843WahopEKCHAxJl4p6BG,Daryl Hall & John Oates
Say It Isn't So - Live,61nCGYiKiX8zCR7zbNERVO,Daryl Hall & John Oates
Say It Isn't So,7zhtFhEctVL8Mhfrg0xV8k,Frank Ifield
Say It Isn't So - Remastered,0k0NIKLtQXrNbEtikTsd4P,Daryl Hall & John Oates
Hold Me Now,0BJU4rYOfj43xHw6gvTIwE,Thompson Twins
Hold Me Now,3xkoUGbf11dLvsfIdgfmIp,Thompson Twins
Hold Me Now,0QuMMBMqyibCGRjaOwB5CZ,Red
Hold Me Now,0b5eH3euyAs3pyfoebeWaZ,Thompson Twins
Hold Me Now - Metro Boomin Mix,6M4oaZBpH0fpV3XsHn2yaP,Thompson Twins
Hold Me Now,0H9gfzMFbFrMsbzVMHjQbc,Various Artists
Hold Me Now (Extended Short),7r17jMIduL3BTaxdsUIwj6,Thompson Twins
Hold Me Now,6uVDfTeAdvV105G5PPPpas,Various Artists
Hold Me Now,0V9X25GyJcv39iz8UDsgIU,Kirk Franklin
You Hold Me Now - Live,0xjRklqbQh2wtXL2VCQFQC,Hillsong United
Drogba (Joanna),7r63gCX2EkN81DGBWRAICS,Afro B
Joanna,5BtC0NOafwHhxFV47UbT77,Kool & The Gang
No Scrubs (feat. Joanna Jones),1JFAEZhfUPfQb69Dtjg9Xm,Unlike Pluto
Waiting for You (feat. Joanna Jones),3IuPHUeLhSfuzSQ4AZTAIM,Unlike Pluto
Joanna - Single Version,32AbS5kqs0PvC5UM3TixcW,Kool & The Gang
Mary Joanna & The Music,1m74hsCGuIKOFypTExKH7x,The Revivalists
Joanna,44uZ9CFkzU8hKz555xwzdE,Kool & The Gang
Joanna,3w0zTV8qCTJJg0bNFNq2ZO,Kool & The Gang
Joanna,0DHVz6FOfy6qMDk3kQe7r8,3:00 PM
Joanna,2UARg2RcEIMxvXVmy4bPTO,Blitzen Trapper
I Just Called To Say I Love You,6lJFfj7wWeKiYRjLMHN4SN,Stevie Wonder
I Just Called To Say I Love You,6VAKyYoJQu1hwjWNvxQVTt,Stevie Wonder
I Just Called to Say I Love You,5DXGiZmPdgH8KM3AdeTXki,Richard Clayderman
I Just Called To Say I Love You,0kVE2yBjTwnFqbsrXRKg5Y,Stevie Wonder
I Just Called To Say I Love You - Single Version,4fvLBWpPTejwzuWOEAUWYq,Stevie Wonder
I Just Called To Say I Love You,7mCNhJtGr36wTrJ8DmykB2,Bailey Pelkman
I Just Called To Say I Love You - Single Version,2JKZGf8ujiEsr6sgXW4Zr2,Stevie Wonder
I Just Called To Say I Love You - Live/1995,6Eh9plLvMXzcngubDKkcrv,Stevie Wonder
I Just Called To Say I Love You,1dGKflMm2maY4uCAomoD9y,Various Artists
I Just Called to Say I Love You,5jWzD6pDag9m3A7sBjlP7r,Alla van Delft
Somebody's Watching Me - Single Version,6A4Jc8npNo79BOgsrPptLA,Michael Jackson
Somebody's Watching Me,7ozMJf8OMc9vRcZmAN8wPt,Various Artists
Somebody's Watching Me,0yelVo6DA76GpFfBRPnK0j,Various Artists
Somebody's Watching Me,37wTIzZ0B1ffvnhJ6x6dEw,Various Artists
Somebody's Watching Me - Epic Trailer Version,3nCghxfsyu6WuyCiXiYOOT,Hidden Citizens
Somebody's Watching Me,6vpq0BGzf7SgjCFJ7ebJ0X,MC Lars
Somebody's Watching Me,7eDkYHzd2KmKP9JjxgNqCA,Various Artists
Somebody's Watching Me,3U5aaVYukjpDKm3ziu6rlU,Raunchy
Somebody's Watching Me,7Cq49GTCRNNjHidMPo6OBs,Various Artists
Somebody's Watching Me,3CYaMhGuAMIlGnEvCuOMUY,Kidz Bop Kids
Break My Stride,2ZqT3GcisHUBsEaqhLGHwU,Various Artists
Break My Stride,1mCsF9Tw4AkIZOjvZbZZdT,Matthew Wilder
Break My Stride,4aZSf3aNrb2VBQSGKn4EJ8,Various Artists
Break My Stride - Radio Edit,2sw8PIdcUVR8cjlY9cLcJb,Blue Lagoon
Break My Stride,19tHEQVkTR0PXl6exsDOKu,Various Artists
Break My Stride (Radio Edit),0Glrnzlbv3sZ7DuWLFMNWq,Blue Lagoon
Break My Stride - Radio Edit,58FP65X3kM6lo139OiAQFu,Bodybangers
Break My Stride,6CMSlj2hTAjbf80RFZdgne,Love Canon
Break My Stride (Extended Version),6FBJnLd3MpfxV3lYSz3JRi,Blue Lagoon
Break My Stride,2bYbL4B6m8Rtzwp4bInQdH,Bodybangers
99 Luftballons,6HA97v4wEGQ5TUClRM0XLc,Nena
99 Luftballons,7J1LaHMVHypncTKadbslqI,Nena
99 Red Balloons,5mYtpXrZZ1bbGJYDGC8I0Y,Nena
99 Luftballons,2YhKo47NTVdhTqSLF2jGFm,Kaleida
99 Luftballons,1iIdpWCuaGz0lMiCQvscuv,Various Artists
99 Luftballons,3LSYdtuuvYmo0ejG2pOLBA,Various Artists
99 Luftballons,2NZiPHgxQImNYYls4hrUvb,Kaleida
99 Luftballons (2009),00uwIfr8cZOGYWuq4xacMt,Nena
99 Luftballons,5LA6dmC35yDi8AWrcPE3qW,Nena
99 Luftballons,5HVKhzF6gvlnISyHEVYDc7,Dave Darell
I Can Dream About You,37nxLdGbmgEYQYrqe14xOp,Various Artists
I Can Dream About You - `80s Weight Loss Workout Mix,5ue2N0j4350m6kMa9wCFbh,Various Artists
I Can Dream About You - Single Edit,6vHNd6Je96SolxU529Q5lm,Daryl Hall
I Can Dream About You,6ckx1Ea21FFE8y9zTm3iLv,Desire
I Can Dream About You - Radio Mix,2z22kN36QJmyjHLkdOoRMP,Dan Hartman
I Can Dream About You - Extended Mix,0We9NXIWLm1Xb4iJoAVoXZ,Dan Hartman
I Can Dream About You - Laurent Wéry Remix,2eHvy4Qm8E5DTNDIy5gllo,Dan Hartman
I Can Dream About You (Demo),3jICqocHnYLeXUTa9N7Uvm,Desire
I Can Dream About You - Laurent Wéry Remix Edit,3mAbhL8gMJVQqaDO1QFSpp,Dan Hartman
"I Can Dream About You (From ""Steets of Fire"")",23Z9Xyj4h1lUV45PEcIGM3,Various Artists
The Glamorous Life,179SfVFJ0ZN41toTxnpgRD,Sheila E.
The Glamorous Life - Club Edit,4Jq5ea6oLv2WxP8QzvY2RT,Sheila E.
The Glamorous Life (Re-Recorded),2hzGTFSVODjd05jsMABQwc,Various Artists
The Glamorous Life,4rzNKqCgIyFbUADBYnctTn,Cool C
The Glamorous Life,6GTw2cymkQyhvdM4fNlRCv,Audra McDonald
The Belle Of St. Mark,5I0620xa6ecXZinsDUUcYF,Sheila E.
The Glamorous Life [Act One],6RRJma3F9OQjN3fwKEGuqS,Stephen Sondheim
A Little Night Music: The Glamorous Life,2CsfTKOn1YdI8kN7GtXJjd,Stephen Sondheim
The Glamorous Life - Rerecorded,4f8bmRpii9078f2WuIv5sU,Various Artists
Next Time Wipe The Lipstick Off Your Collar,4Lnz8V22HAj6GZdzmRHcHy,Sheila E.
Oh Sherrie,3wqoAzrr5htxSZ7KzxhLHg,Steve Perry
Oh Sherrie,6igXYiQIuXwjO9myYFqSrj,Steve Perry
Oh Sherrie,4zEi4tr3lEhiAvTRxEzbEz,Steve Perry
Oh Sherrie,4ZHD1VMkedlIPSRBKSPYRL,Various Artists
Oh Sherrie,4gIyKszpeZcqWyzidti94z,Steve Perry
Oh Sherrie,6pBvmR7PWt1CH0MC0IxftW,Various Artists
Oh Sherrie,06l5U0vCmUSenlEdYZaYJq,Arjun Kaul
Oh Sherrie,0P8PTZHekbbBTsWCx4VbZI,Stephanie Carreira
Oh Sherrie,4YPaFEbZYUFEMUVZAhqeWN,Dynamite
Oh Sherrie,6ihO9NzSkgOeKhHZagR55D,Dynamite
Stuck On You,0ROwoz82DIW4tOzkxYnSjf,Lionel Richie
Stuck on You,39zODpVtRvghMyfNjZ3BVK,Elvis Presley
Stuck On You,5jAMZqnBULAQqx0lNXI6VA,Daniel Skye
Stuck On You,3L9SXYL2XOl0JJ754YgBsS,Lionel Richie
Stuck On You,6eemPcEyvaxp7gDhDtY8HT,New Politics
Stuck On You,4vfioWSgbZSVwsYtPS1a6s,Meiko
Stuck On You,6rO6HDqU4AmH5SkjOy0Ohd,Lionel Richie
Stuck on You,2UeqHX9GG6yizOPTvBDd1a,Various Artists
Stuck On You,5tE6qUPzKSdVWhTU1cNG5g,Fruition
Stuck On You,7bA1DHtoJAvqyL42gHwOLa,Elvis Presley
I Guess That's Why They Call It The Blues,7J8e4j9B3CeKSrO55sKwov,Various Artists
I Guess That's Why They Call It The Blues,23l1kVpqMVREiwU1YAlcr4,Elton John
I Guess That's Why They Call It The Blues - Remastered,7egbV3zR5ZtJ00kO4OdmFq,Elton John
I Guess That's Why They Call It The Blues,4nlFjgQwkJ6vZbcJifnKbb,Elton John
I Guess That's Why They Call It the Blues,4lfeq9WXX3rVPVQ9uVNjY9,Rockabye Baby!
I Guess That's Why They Call It The Blues - Live,4uWpPqV6MgE75VuVhtdNlL,Elton John
I Guess That's Why They Call It The Blues,6jx39aY5qwSCLtdKhqQKGz,The Elio Pace Band
I Guess That's Why They Call It the Blues,2XUhXItM99MndvffjjRvZr,Christopher Phillips
I Guess That's Why They Call It the Blues,6Y299UiAyrO91JOUsNnWTT,The O'Neill Brothers Group
I Guess That's Why They Call It the Blues (Intro),0HIWcnZnlKuEAssJP8QUE2,Social Parallel
She Bop,2FAL6hxj5Qxuj0kWOkEOsF,Cyndi Lauper
She Bop,3ptxtmBTnLLPJZQo32IFLI,Cyndi Lauper
She Bop,2OF6mGKBNEhkGm86ClnoiT,Cyndi Lauper
She Bop,0uFyj0gAkTPK0GMviX3i1q,Cyndi Lauper
She Bop,7wlD82tOU8RAk1xjIoOEdp,Cyndi Lauper
She Bop,1Ovn4AVkIQUbHL5QKOkAe6,Cindy Bradley
She-Bop Nation,4dmYVdFAa5ky8SFu1qedPt,Rainbow Girls
She Bop - 1984 Arthur Baker Remix,3WSOJ2AB3uOtTXXKNulW5l,Cyndi Lauper
She Will Be Loved,4jxquhO1M8r5Zka8PPhKV2,Kidz Bop Kids
She Bop,38LkD9vBBHSimLVnsp2fK2,Various Artists
Borderline - Vanic Remix,3lO38SiB2WAQRqTAHN7WTC,Tove Styrke
Borderline,4FMNpPI7mkhdeFCCk6fZiE,Madonna
Borderline (An Ode to Self Care),6pRo1ryP9N8aFCe1YpWQLj,Solange
Borderline,4SuabhTNPBTBFjfOjhvRNQ,Madonna
Borderline,3nVpsnFAnFx3BZiZL0vzPu,Tove Styrke
Borderline with My Atoms,2nZKShIb4aex7YWX0HLzEn,Hiatus Kaiyote
Borderline,1UPqWJGdV4euPS3k94r3nW,Tove Styrke
Borderline,20UNoXiIHDgKrzlRqUcoqd,Man Overboard
When Titans Fall (Titanfall Rap) [feat. Jt Machinima & Borderline Disaster],2sJbEdKShD0ZJSIyGWPUo2,Teamheadkick
Borderline,1ES4kXZCCQxhSfPAZZW1QI,Negligent Once
Sunglasses At Night,1QbQL5m30YNvukitIqAnFG,Corey Hart
Sunglasses At Night,5uRsBdLhn91AYcsTCOGNOC,Corey Hart
Sunglasses at Night,64qqAndEvEwOcGlOYZnwqf,Various Artists
Sunglasses At Night - 1992 - Remaster,52cbC1Ibwy5iZnfD7PAlhg,Various Artists
Sunglasses at Night,1hhZQVLXpg10ySFQFxGbih,The Megas
I Wear My Sunglasses at Night,2dLOTJHQlc30ndrsSr5C59,Javier Martinez Maya
Sunglasses At Night,6KCQDlzHfhgJeRj8JaLBsP,Various Artists
Sunglasses at Night - Radio Edit,1emn8uOfuaO6a8jXhUJnkj,Skepta
"Sunglasses At Night - Original 12 "" Version",6oGZ9jHOZgW8KYVD6AQdMR,Tiga
Sunglasses at Night - Radio Edit,0kQPF7t26cNdFeb8iopdl6,Bodybangers
Eyes Without A Face,0pUVeEgZuNyFzIMKp67RbS,Billy Idol
Eyes Without A Face - 1999 - Remaster,7pzVqCZdYKM7oEPwaiQchB,Billy Idol
Eyes Without a Face,04YObtYkElo3sNcr9hUe1w,Marsheaux
Eyes Without A Face - 1999 - Remaster,2V5SPF7Wa9X7IQ8StyRJI3,Billy Idol
Eyes Without A Face - 1999 - Remaster,3HCah9Waf9Jby9gLIWN4MI,Billy Idol
Eyes Without a Face,1qKwMIG29vVesEiRjJ7G6i,Baustelle
Eyes Without a Face (feat. Frantic),1Iks7ppin1qzSqzuUmlBug,Maxence Cyrin
Eyes Without A Face,3PQ6AsiFAvn2HO7LmRPH4p,Billy Idol
A Face Without Eyes,2Dub85ZiCGeXM3pLTsaV8J,Nmesh
Eyes Without A Face,7pdNiWt8gy9ZHqQw8UogVP,Various Artists
Here Comes The Rain Again - Remastered Version,78RIER8V6EhrqVPOBi2GYa,Eurythmics
Here Comes The Rain Again - Remastered Version,5vYhr2kgOonJtWeJq5qZzU,Eurythmics
Here Comes The Rain Again,5xFuYnKruaC6AVbg9GDHuv,Hypnogaja
Here Comes The Rain Again - Remastered Version,5xDVxnKQpLDJZXEHzJMBvg,Eurythmics
Here Comes The Rain Again - Live,1PKZY6tVj4hqTQUjV3jjRv,Eurythmics
Here Comes The Rain Again,2nyLzod4Fn0aDS3I4HgNbY,Macy Gray
Here Comes The Rain Again,0R2XJuXO5LqQe2HzZ6AYGG,The Moleskins
Here Comes The Rain Again,1jZE6f2b7IWlkCYtzqm1zk,Macy Gray
Here Comes the Rain Again - 2018 Remastered,2HJ0irMgolBlOGk29m8Gu1,Eurythmics
Here Comes The Rain Again - Storytellers,4pMsM9T5vB16b7MQdY7d3a,Various Artists
Uptown Girl,5zA8vzDGqPl2AzZkEYQGKh,Billy Joel
Uptown Girl,3CSpzkoL1XgDBZ1q9aDCUV,Billy Joel
Uptown Girl (Glee Cast Version),5iaPhRuBYqeCHbCOpOlvx5,Glee Cast
Uptown Girl - Radio Edit,2sFp6E7lNBbblJGmUtCfFH,Westlife
Uptown Girl,6mKrkYPZ5j8XQEn18KN2Jc,Billy Joel
Uptown Girl (Glee Cast Version),1A7fVocCvbzKhdAt493jiy,Glee Cast
"Uptown Girl - Live In Russia, 1987",1MiXdrxHJGH2NzS11wqmvV,Billy Joel
Uptown Girl,1gt9Cds4in6K9ij9M4nuzW,Various Artists
Uptown Girl,2ubhotwftnUrMiLbiDfJ1O,Me First and the Gimme Gimmes
Uptown Girl - Radio Edit,3ym6GKzS5UTUe3tDeTTMJ4,Westlife
Sister Christian,6LoSKNsYkRQbyuiReooMjG,Various Artists
Sister Christian,57trQKFZdJxHia4sMJioWk,Night Ranger
Sister Christian,3pOgDNzXKISD4zCj3mQ6t9,Various Artists
Sister Christian,2eTAQgPEj94IKzBfKFnESm,Night Ranger
Sister Christian,17eJSoxPQHL61A6ZO563UP,Quietdrive
Sister Christian / Just Like Paradise / Nothin’ But a Good Time,4Olv1jGT4e50g3fxBjZvbR,Various Artists
Sister Christian,3kHnGcTu37NFGYbMd7NHeo,Night Ranger
Sister Christian,3Fsr4jOI1dcAJGmkS9g3XH,Night Ranger
Sister Christian,5oqADMSpjEggTFWieQ0ZLx,Night Ranger
Sister Christian,2pTqhjnuyjmvRPepbMcCH1,Various Artists
Drive,7nnWIPM5hwE3DaUBkvOIpy,Incubus
Drive,2kJqNHHGOzLNahukdvlDWN,Oh Wonder
Drive,3wfujdbamR3Z46F4xav7LM,The Cars
Drive By,1kEINOBYcSCQ5RwkP65g2A,Eric Bellinger
Ocean Drive,0b6wdul3A5sQNpIOv03OxP,Duke Dumont
Drive,3ek4HgBlmvkTWgfT5sTSe9,Halsey
Lake Shore Drive,46MX86XQqYCZRvwPpeq4Gi,Aliotta Haynes Jeremiah
Ocean Drive,1UyLFPOIG7E1OfamPQLOfD,21 Savage
Drive By,0KAiuUOrLTIkzkpfpn9jb9,Train
I Drive Your Truck,6aPc6SSWgTsiXrrUpJCPlj,Lee Brice
Simple Twist of Fate,3wAX3qn53iQUFE84hpfeen,Bob Dylan
Twist Of Fate,1ytzrpWRCpUasHmT5P4LRt,Olivia Newton-John
Twist of Fate,7k7i5YHJSLTbBSuwnWtSBn,Various Artists
Twist of Fate,596szbAUggD8dgkcotACsa,Downpresser
Twist Of Fate,0uZU6L0fO5LoJMvEdMR5c1,The Cry
Twist Of Fate,533BzrB9TWzWH27T9Ra7Um,Olivia Newton-John
Simple Twist Of Fate,7bKJtDh41HViUzl3Hthc3U,Sarah Jarosz
Simple Twist of Fate,0BEsPCFO5n94hTpjqgMYPb,Original Soundtrack
Twist of Fate,267EaiJFH76u30ROlmXDlv,Pennywise
Simple Twist Of Fate,3QV5PY2GgwXNZecn88VfSR,Levon Helm
Union Of The Snake,2iitSsbNPH0EJPyyEpvSgg,Duran Duran
Union of the Snake (From “Riverdale”),40ZmqPdG6Lot4KbSeXIzRC,Riverdale Cast
Union Of The Snake,6IIn4EKQDP1yRIqsb7bnra,Duran Duran
Union Of The Snake,7piNEolzn07prentrlDL6Q,Duran Duran
Union Of The Snake - 2010 Remastered Version,3JpaL6FMH9kjVWMA1mTmRl,Duran Duran
Union Of The Snake - The Monkey Mix,4DZBgSTN1dxzfYSyzLqYtt,Duran Duran
Union Of The Snake,7bs4c82jx4Rt6b2kovH23F,Duran Duran
Union Of The Snake,6apOUKiMrBSd0mP1rg0kcX,Duran Duran
Union Of The Snake - Live; 2004 Remastered Version,6sJqVibf5DIXcSEdUzUOa5,Duran Duran
Union Of The Snake - The Monkey Mix;2010 Remastered Version,4cTEEy6pqqg3gW0DVKqMus,Duran Duran
The Heart Of Rock And Roll,715sEYWkafd4xvl87dwZgu,Huey Lewis & The News
The Heart Of Rock And Roll,0o4e5Tt4vorx2012FrGIjV,Huey Lewis & The News
The Heart Of Rock & Roll - 2006 Digital Remaster,02B7SoMf8FmdWJdZTqpnWF,Huey Lewis & The News
The Heart Of Rock And Roll,6qwXOzWhQKBWO3a4BKUb7D,Huey Lewis & The News
The Heart Of Rock & Roll,2WDZmR2Ebmi1ByddAGJzdl,Huey Lewis & The News
"King Of Rock And Roll - Live At The Spectrum, Philadelphia, PA/1986",39wNY5DO7Sd7Ag6oreshlj,Dio
For the Heart,0PLbKy4KId2X1iXF0LS5E9,Elvis Presley
Home Is Where the Heart Is,00iXlZ8jMVxSrxXvQomYU1,Elvis Presley
For the Heart,7vCpT8d0lUy2oYAb0AGaN3,Elvis Presley
For the Heart,6Q4VYp9Y5vBhNR6HZDvUko,Elvis Presley
Hard Habit To Break - 2006 Remastered Version,3Tows9RnoAq9CmMJaII2cO,Chicago
"Hard Habit To Break - Live in Chicago, Il. - 1999",0xpfe8QQWplGO09WN3vdN0,Chicago
Hard Habit To Break,2mBIHFv81gM8vgB5ACICpR,The Kills
Hard Habit To Break,25tCoH8AHYx9K2tsdhXngp,Chicago
Hard Habit To Break - Remastered,7DLeSErR2mtp4cbTHscT8p,Chicago
Hard Habit to Break - 45 Version,58ad5AATQGQxXa5vgUiYsW,Chicago
Hard Habit To Break,7esq59nAwrcf6qTXWVEfS0,Chicago
Hard Habit To Break - Remastered,7l1eMMH9YJXzuzHdRhBecv,Chicago
Hard Habit To Break,15Tczz2cer2OCIlHcrxRJZ,Chicago
Hard Habit To Break,4KVE68rGiJgBMpCgNk5nsw,All-4-One
The Warrior,2hQnLzly0jRPpLPp23sA4i,Scandal
The Warrior,3mbcW1KDbnkdgjq03JHiQ6,Patty Smyth
Wake The Warrior,4t4AUGnwNePV2u60W5eUtv,DROELOE
Dance of the Coyote,6dAMfIdThXm5dSZtnNw1m6,Tony Duncan
Way of the Warrior,5XJ1jQYn3l4KCNx3IoIC3r,Ensiferum
The Warrior Song,6NcqtL5LwkKGGUd99Wv7Zo,Sean Householder
Warrior of The Night - Original Mix,4yCKHiKkMDG6YFTygg1oyA,Aero Chord
All That Matters (The Beautiful Life),2N2CpZ1mpgwMOteSRF40CF,Kesha
Love Into the Light,6hhIPn85RJViE9ZaUp3SHk,Kesha
The Warrior Song Hard Corps,7y98A99gjVGMLrXT9jaBiV,Sean Householder
If Ever You're In My Arms Again - Remastered Version,4TIkesxpN5caX6XpsiirnH,Peabo Bryson
If Ever You're In My Arms Again,6zWSB11sqCRMTAuWYkccCt,Peabo Bryson
If Ever You're in My Arms Again,73Zfc1VrxNNx8MiKZRgWbd,Toni Gonzaga
If Ever You're in My Arms Again,5fdywqVEEVEkjZiIH2TH8R,Jed Madela
If Ever You're In My Arms Again,3KogLehH5ROamkm3kE5eMk,Regine Velasquez
If Ever You're in My Arms Again,7ojdHWAY8HcvahxsTuMql4,Toni Gonzaga
If Ever You're in My Arms Again,4TUcUVUzZMnJTk4YnGxZ7t,Toni Gonzaga
If Ever You're In My Arms Again,3lk7mNWFBRnxlAPAY1tf31,Enrique Montre
If Ever You're in My Arms Again,0tD1XbAqEtYzc4UDzaqMod,Glendon Smith
If Ever You're in My Arms Again,3urBId2RDAMLBvtdFDZKhe,Various Artists
Semi-Automatic,70Cp0ukCMyWeJML77NGERU,Twenty One Pilots
Automatic,7jut3RkkxQpJAzMovUefDz,Iration
Automatic,0B0y2FImat9j9MJTNRZWfW,Miranda Lambert
Automatic,1NB0VPwAw6Rx8b9qvDKB5M,ZHU
Automatic Stop,6DUKQUhWqUySYngLXLNwP2,The Strokes
Automatic,2F1yS09DPKek0AhM1JFSlH,The Pointer Sisters
Automatic,6YzO1Ndf7fbyPo4njTTAur,The Mowgli's
Automatic,76DhGlPaJ112MHVs1PJMyX,Red Velvet
Automatic,6hxxNvnPcPZFUqQxtjHMG7,Less Than Jake
10 A.M. Automatic,4HIx4KL2XRilgBf6WzfLqI,The Black Keys
Let The Music Play,4d8Bqtm7ODdQLFXxPSuK64,Shannon
Let the Music Play,1cqoBYUuL49ENNV4fgjOm7,Various Artists
Let The Music Play - Single Version,38N1GZG7AMdFaXLRTbwFc4,Barry White
Let the Music Play,7inRLriJ66MlFCtEwdcHHM,Stick Figure
Just Let The Music Play ft. Rion S - Sisto Remix,5Db8stFEbYtVO46oXuGFAF,TomCole
Let's Not Play The Game - Uncut,3iUCxPoP5K3s7LqrDNrx5G,The Best Man (Motion Picture Soundtrack)
Let the Music Play,2oOGDcBMgYlt6UDLEC1GEm,Image Sounds
Let's Play a Game,0zO6pCuJwjhIv8mtEMK5Ri,Ramin Djawadi
S.O.S. (Let the Music Play),7k7tQ961eVk5AITZm2kDwa,Jordin Sparks
Let The Music Play,6wlSepaSJM6gZKCsaoMsq9,Good Charlotte
To All the Girls I've Loved Before - Live,0uBwcaTkY1BPpIZhxuhS67,Julio Iglesias
To All the Girls I've Loved Before,2iRMw9WkPW4JRoiyo63Hp3,Willie Nelson
To All the Girls I've Loved Before - Live,2BhMmYodsANRcZohekmum8,Julio Iglesias
To All the Girls I've Loved Before - Remastered,0pvDbROqCRkioU1hCoooOd,Julio Iglesias
To All the Girls I've Loved Before,3K7nk76d6RYWtBGCXhW0qO,Willie Nelson
To All the Girls I've Loved Before (A Las Mujeres Que Amé),6caczd5xFv6OVWMcxb9A2i,Il Divo
To All the Girls (ive Loved Before),05MlGPjnbO0jOqD8Urcllr,Rick
To All the Girls I've Loved Before - Remastered,47hpoiv4ztSXlWwFdBK0a9,Julio Iglesias
To All the Girls I've Loved Before - Grand Piano,28W1xL91x197ofnUacCQyO,The Dreamers
To All The Girls I've Loved Before,7KfTmxf2XPAMZAkIzgyrnM,Richard Clayderman
Caribbean Queen (No More Love On the Run),72dwliDcUH6g2TFiMTEbE9,Billy Ocean
Caribbean Queen (No More Love On the Run),0ObLFkX9bnGBZMFVeLFRN4,Billy Ocean
Caribbean Queen (No More Love On the Run),270N4xGB60dza0AoB1tT9a,Billy Ocean
Caribbean Queen (No More Love On the Run),6gazozSyQbrglHYKh3EBff,Various Artists
Caribbean Queen (No More Love On the Run),7LZj2ty0qFTI8qRPFmnejr,Various Artists
Caribbean Queen (No More Love on the Run) - Extended Mix,3pfJpM4ZrTAoFVi0uSnybS,Billy Ocean
Caribbean Queen (No More Love On the Run),4JEylZNW8SbO4zUyfVrpb7,Billy Ocean
Caribbean Queen,61w4ISAriO2iR1ShjHD1Nx,Doug Hream Blunt
Beautiful Caribbean Queen,3laSTr2jQO1KQIGT6NI0Ji,Old Stereo
Caribbean Queen,1Z0IhzU0woJ1STgOxE12T0,Peetah Morgan
That's It (feat. Gucci Mane & 2 Chainz),3w9mof4ZxG3z9huYwHFZ1i,Bebe Rexha
That's All She Wrote (feat. Eminem),6XAA7T9VHcqKQSzjmXAJ8o,T.I.
That's All I Need,6WQyaRxqf332knjOMWUMQf,Dirty Heads
That's All,3M4PG8X9lp0gpDEMGpenBI,Mauwe
That's All - 2007 Remastered Version,2zFdsAIk9r2Mi7Lmm1w3sM,Genesis
That's the Way It Is,38VJ6qYnuv3vzfjrvm389j,Céline Dion
That's Why We Ride,5YxkC6gNbxA7ukEJDEDJWV,Casey Donahew
That's All I Need,4DwguUsNBxsjZfmMzHZpCR,Dirty Heads
Thats All We Know (feat. Bubba Sparxxx),2ZJTiN2hJBOxF6MRFkAWKH,Jawga Boyz
That's Gonna Leave A Memory,3Y6pEkkbK1gdrzg51OMfM4,Easton Corbin
Running With The Night - Single Version,3dciOkDSHPrhvriovMdw8N,Lionel Richie
Running With The Night,1dJX2lSiKGbkjKMB9PJuBq,Lionel Richie
Running With The Night,3ypUkITgUD8glrnrZ1le3Z,Commodores
Running With The Night,4LpwYQ6j9XYJYiwX59MfCm,Lionel Richie
Running With the Night,5yQfalKfm32nOTlN7Kr5bg,Daniel Altaher
Running With The Night - Single Version,7EAWB05mZwqsoj08jPRCCu,Lionel Richie
Running with the Crowd,7g1Kg9T7A4SUntMJuPxUd0,Charlie Daniels
Running Hands With the Night,7qzNsX8XSeYdQ9Elv1D7ab,The Joy Formidable
Running With The Night - Live,5i6zZhstU75vmRB5pQ97LT,Lionel Richie
Running With The Night - Instrumental,5QHc0nx6yyhB6lBkbeyu4z,Lionel Richie
Sad Songs (Say So Much),0Aj8wVzz0KVF498JqtcDMp,Various Artists
Sad Songs (Say So Much),1fF2dvBsbTk2wrOEaR6f5B,Elton John
Sad Songs (Say So Much) - Remastered,08tspmmR7bxRKaAmhPlYKo,Elton John
Sad Songs (Say So Much),2LAgzgp3kmBG6uOqwms3eR,Elton John
Sad Songs (Say So Much) - Live,1RSZn9kWxK9Ek6wmhz4JAB,Elton John
Sad Songs Say So Much,4lLGI2RP9GRIpLcQvXMtaD,Eddie Lovette
Sad Songs (Say So Much),5Ulzrr0Yw7KBqSxyp7csRa,Various Artists
Sad Songs (Say So Much),4epttIfvHY8vNaLyyxoK2c,Lullaby Mode
Sad Songs (Say so Much) [Lullaby Mode],4YcHuGpVWLHlwSsV9ImbGV,Lullaby Mode
Sad Songs,4b0QnFa8QhulSGxki7a0dq,The O'Neill Brothers Group
I Want A New Drug - 2006 Digital Remaster,0mZNKyrUmsrlDRoYHWsyMu,Huey Lewis & The News
I Want A New Drug,12tgeg7ebk5bPe1yaRlSZl,Huey Lewis & The News
I Want A New Drug,2yWf3FJLwB0ytfOpgqLoa2,Huey Lewis & The News
I Want a New Drug,1NPGii8bjRnydFj0mlvnpZ,Ben Rector
I Want A New Drug,4WDK8JOQkx27ow5AeGIkGv,Huey Lewis & The News
I Want A New Drug / Small World,0P7BhaKFxCj5Axs3xB0eiw,Huey Lewis & The News
I Want a New Drug,25uKHbKEaBRlgFkJr1iHzB,The Brothers Comatose
I Want A New Drug,0Ltdk2YNuNonNLUPakT52s,Grails
I Want a New Drug,4PyXedoPzbeWIEMfS1DXSo,Glen Phillips
I Want a New Drug - Original Mix,0f093qmMJ5gbHP1IIHksMA,Kyle Hendricks
Islands In The Stream,4WrwO9Un3ji5wnNySDGHwQ,Kenny Rogers
Islands In The Stream - Live At The MGM Grand/1997,26B81hzch5vcQweK3TFBt6,Bee Gees
Islands In the Stream,4dqEzdFAYkj1rjYLVDuTlN,Dolly Parton
Islands In The Stream,1WqYpXPlh9ZIjcwWPov8c4,Feist
Islands In The Stream,6Nvu50LQOaN7ug7MvKnhkC,Kenny Rogers
Islands in the Stream,1KIgSWh31HaPwNIfTuZFbk,King Coleman New Trio
Islands In The Stream,5gciYBapVbJodQwbKi9JhT,Bee Gees
Islands In The Stream,02UCoCA2TGLoTRU9tpc3I7,Feist
Islands In The Stream - The Voice Performance,2qmFYvGdbKCE47oB3pUbFw,Emily Ann Roberts
Islands In The Stream,2EFqwcGskrnsXd374sSwru,The Shires
Love Is A Battlefield - 2005 Digital Remaster,1ckCAIKgbrIl2kjYyH86pJ,Pat Benatar
Love Is A Battlefield,64k3qg5AwnINfBXmCJOHA3,Pat Benatar
Love Is A Battlefield,06dAFXkgM2OGAkGS3CxpEm,Pat Benatar
Love Is A Battlefield - 2005 Digital Remaster,4cBjhKOEXr66AlBtyyPrPe,Pat Benatar
Love Is A Battlefield,4ZcqrxTnEISiPjZwghnvMN,Maysa
Love Is a Battlefield (feat. Morgan Kibby),0uuv52czua1tFbkUtreOrM,Wrongchilde
Love Is A Battlefield - 2005 Digital Remaster,68mtYirMYr3yGgeLaPWiKL,Various Artists
Love Is a Battlefield,2c2PtUtSSg2GODcpaTtWDl,The Amity Affliction
Love Is a Battlefield,6U0h8IG0EBpU2SiirhLV3m,Raining Jane
Love Is A Battlefield (Glee Cast Version),13W4uHOIOpVqTM0CtKs04K,Glee Cast
INFATUATION,77SvwoWoNeed5uWuxbyujk,BROCKHAMPTON
Infatuation,1Bwq4TKxWqvSgyHZN06wId,Christina Aguilera
Imagination Infatuation,2vDTg1sbS3JUs9GCz6BKLs,MisterWives
Infatuation,7r9sGCvfkAcHKDCBsffx3S,Leel
Infatuation,4NuHtHcAeDeAPcxY9NT8z8,Maroon 5
InFATuation,5BBWKaG1U5twV1VjC36LFT,Chad Daniels
Infatuation,5MG5mY1KOgGBGaviDtHj7D,Lipstick Gypsy
Infatuation,4r03a5iPR8dtYrJ6QbB6U0,Denver Hall
Infatuation,31NaulIlYklI1MlDvcDqrT,Prototyperaptor
Infatuation - 2008 Remastered Version,0SO4oJBmDNjniJwjlHaIhO,Rod Stewart
Almost Paradise,6MzXkSZaFeeaOss1rJweXk,Loverboy
"Almost Paradise - Love Theme from ""Footloose""",3HI7oXJcgIXOhhPBvONWFo,Various Artists
Almost Paradise,5xRLBLTc21ajMZYR2T7Jea,Tom Snow
"Almost Paradise (feat. Kxng Crooked, Mike Smith, Jonathan Hay & King Graint)",2S86EYDRSpL5lWZOLRoz7x,Truth Ali
"Almost Paradise - Love Theme from ""Footloose""",5bt1ZQk1mhZ4Cmk0geJahz,Loverboy
"Almost Paradise - Love Theme from ""Footloose""",4jjiG8fx5RgKqkt3EWyxl2,Various Artists
Almost Paradise,4fBBVld1BhNKtPMhLGMSbW,Roger Williams
"Almost Paradise (feat. Royce da 5'9"", Truth Ali & Kxng Crooked)",0mFlxh5AslihOQZEyiEMzO,Iliana Eve
Almost Paradise,4GHOW2A8WiMX8PbR8wdcll,John Tesh
Almost Paradise,4MQYkYQtj4h9LhJxHcuhQe,Various Artists
Legs - 2008 Remastered Version,7t6CAWplijBj4sdl0q3z0e,ZZ Top
Skinny Legs,6T0hJFJv44SkPbxejeFQhX,Elohim
Legs,6irwo73wVBRhuEiSyQATZF,Eric Bellinger
Sea Legs,30g7tH1rfMratchnaLfgqJ,The Shins
Sea Legs,3lhVpxpMfgXfUNVBIOwdBG,Run The Jewels
Drop Dead Legs - 2015 Remastered Version,49KoX0qpXf3wHyP9nfUaqq,Van Halen
Legs,4WTByecPFVWmhnl60GprIu,Ghost Atlas
Legs,0456sqitKOvZ8HrHGW9Qgf,Darondo
Death On Two Legs (Dedicated To...),4J0kN8QS2esY6cWBsFjtW9,Queen
Hot Legs,0NIRG3SEn2Zf88o3qHJil5,Rod Stewart
State of Shock,1sLTxLJzyoBJiPzv420KAx,The Jacksons
State Of Shock - Demo,55UMp5DaAVclInmN1dZDtE,Green Day
Beat It / State of Shock - Immortal Version,3ejjvP4oU6RoyiK9xZ5lwU,Michael Jackson
State of Shock,5ERyzOyC3N6JXgVdmD8kUR,Michael Jackson
State of Shock,18gJLl1sOx8JXTAbGsDRIZ,Insane Clown Posse
State of Shock,3On0pVOvgvlhmgEzbJnnpR,The Jacksons
State of Shock,0Sid4lw50yxAQQ0ClWPv8e,Ted Nugent
State of Shock IV,76uaRh2ejW8ITANOaHBIlK,Born Jamericans
State of Shock IV,6mPL5F7QsDzEFT0VDgVCBN,Born Jamericans
State of Shock,4Zi3UNXQJrJECyjI08ZatM,Insane Clown Posse
LOVE Somebody,58gtRTAzP0b5R4bYiQDht4,FRENSHIP
Somebody To Love - Remastered 2011,6cFZ4PLC19taNlpl9pbGMf,Queen
Somebody to Love,4uGIJG1jYFonGc4LGp5uQL,Jefferson Airplane
Love Somebody,0HnaqUxvHP5LaWdmWwJpiS,Maroon 5
Somebody To Love,3rLIv187BhjyweFe89SgLn,Justin Bieber
Love Somebody,12tUCBq7V9qCF8qGOLpcnu,Maroon 5
When U Love Somebody,1k6HyTZzm0Vk8Cb3LUQUf8,Fruit Bats
To Love Somebody,0mbS3VwRbO6HVBMPXnzOGA,Bee Gees
Somebody To Love,3EFbnBUr70peMlk8g5XzT3,Kacey Musgraves
Love Somebody,0B7uZOwTqMBLhvbD3RIFLa,Maroon 5
Miss Me Blind - 2002 - Remaster,56SnVQVuJuqnYA6rLdcg32,Culture Club
Miss Me Blind,6Y7vb4n0S7kt9b3cMhKi74,Boy George
Miss Me Blind,0WXd9onRWo37gf2u9xDj36,Culture Club
Miss Me Blind - 2002 - Remaster,6NxkZBfBRwYlkBdalGQhFY,Culture Club
Miss Me Blind - 2002 - Remaster,1oDRXm6ZJYp6van8Tlh1YG,Culture Club
Miss Me Blind,4hW2WoaczliymqSsEoV5Yn,Culture Club
It's A Miracle/Miss Me Blind - US 12'' Mix,2vexD4fGrQ2VI6mqogjjnD,Culture Club
Miss Me Blind - Live,4b2TPVvmHKuiWUXKlmAq8o,Culture Club
Miss Me Blind - 2002 - Remaster,5hw71S1bXZW5udYDipabWv,Culture Club
Miss Me Blind,6zGP0PywsD5xnP4WSdDuEw,Various Artists
If This Is It,2pAdtQuiEVGr7nOXGiv7t4,Huey Lewis & The News
If This Is It - 2006 Digital Remaster,2h41e1ebabMfij3upGdymH,Huey Lewis & The News
If This Is It,0c2VC70y7jq5qMPQnuunCP,Huey Lewis & The News
"If You Think This Song Is About You, It Probably Is",4sj6Hk441YK66GxLM6M5Iz,Destroy Rebuild Until God Shows
If This Is It - 2006 Digital Remaster,5MTlWJ0ZqwPr8uEohT92Tt,Various Artists
"If Your Song Title Has the Word ""Beach"" In It, I'm Not Listening to It.",0wkuK3IcNgVBs3s7wrnf0L,Dads
I Will Live This Day as If It Is My Last (Inspirational Speech) [feat. Fearless Soul],0KN2BDdzKAvVWb07juNqvj,Fearless Motivation
If This Is It,3B4g4GhJAAQIpAyi4kBsiG,Huey Lewis & The News
If This Is Love,6tDPXu4FOvZU2G7WqZjS1h,The Foreign Exchange
If This Is It,40W6m9xlzRXaGO66JpKbSn,Huey Lewis & The News
You Might Think,7BvuV4c1BGhaRapcXvRu5z,The Cars
You Might Think,5tKlIgkTo8QZBVLGkyhEso,Various Artists
You Might Think,1ShOixQViqlhgbkjjR2jkU,The Cars
You Might Think - Remastered,35wVRTJlUu2kDkqXFegOKt,The Cars
You Might Think,4Mnipal0d875Z5Zb1McRPE,The Cars
You Might Think He Loves You for Your Money but I Know What He Really Loves You for It's Your Brand New Leopard Skin Pillbox Hat,5YnS9oWrGcwf1tgode1F7z,Death Grips
You Might Think,1lJIZ3N31aZOiIzSoFeica,Various Artists
Think That You Might Be Wrong,3zohwge6UksxW1zbbw7BQQ,Great Lake Swimmers
You Might Think,7iaP0PHEhEudPlCEOGhD1O,The Cars
You Might Want To Think About It,46lZeFwToyW2Aej48MYDMX,Chris Cagle
Lucky Star,2hWI9GNr3kBrxZ7Mphho4Q,Madonna
LUCKY STAR,7Ij8eVxbBCYmGFZQRnHTnJ,SHINee
Lucky Star,7nRwpTzjrFFNFpdHT76NOz,Madonna
"Twinkle, Twinkle Lucky Star",5lxDdFXillBqYvKe9gsYT1,Merle Haggard
Lucky Star,4ZMVDX8tavcJQeqH31qf13,Madonna
Motteke! Sailor Fuku (Lucky Star),2SO3enHf50WKq31sUeYB2A,AmaLee
You Are My Lucky Star - 1990 - Remaster,5ZcVWyGfoOzeFKdUnZq3Fz,Sammy Davis Jr.
Lucky Star,3tkhFbObwCW3De2kSPKvl3,Paul Hardcastle
LUCKY☆STAR,7BjFuTPCncrpQaId2h4q8Q,Starcult
Thank Your Lucky Star Date,5qCRiPX6mfTui8UnktCZWo,Michael Giacchino
Cover Me Up,5qW6ZYct54PhKliCntyxRX,Jason Isbell
All Of Me Violin Cover,2vcvckOg239y6j18Ei3JV0,Alison Sparrow
Cover Me,4U7NhC2rQTAhH7dw7H0goB,Bruce Springsteen
Cover Me Up - Recorded at Spotify Studios NYC,6qi0gC43ZZ0dAtLwdamJ0I,Zac Brown Band
Cover Me,5Bb88WRO4906ngHGMvkv4P,Candlebox
Cover Me,4sSH44J2qQnbgW9QC9ACy6,Candlebox
Cover Me Up,0htFHn4KWkRwjpYyFi29hJ,Jason Isbell
Cover Me,77FesccRIa4hk8BOl5RPtI,Lyves
Cover Me,18Om2WhO0dlFHKqcMcpxxA,Depeche Mode
Cover Me Slowy,60jhynlMWvL9jqMh11BPFT,Deerhunter
Cum on Feel the Noize,6FBmHx1FuaSnTnnnaThgbF,Quiet Riot
Cum on Feel the Noize,3vV3cr2TpPqFk07zxYUbla,Quiet Riot
Cum on Feel the Noize,0Ei6HMtz7OXokDQ0HmUfOu,Quiet Riot
Cum On Feel The Noize,3sswspym5LLTgZTOS6FIsq,Quiet Riot
Cum on Feel the Noize,0cNhXUGtyHhQ2t5M1rm8zI,Various Artists
Cum on Feel the Noize,0e33w4vGWXq4GIHYirgiGm,Various Artists
Cum On Feel the Noize - Remastered,7L5K98q1TNiB9J2XqhPdJJ,Oasis
Cum On Feel The Noize (Re-Recorded / Remastered),6GXyRbNkwo53d9iJwiIiSM,Quiet Riot
Cum On Feel The Noize,229QzALEnaiFR047MCnppF,Various Artists
Cum on Feel the Noize,3IqJELCwjfxBfGdtsdEeZ3,Various Artists
BREAKDANCE LESSON N.1,3bcVlSWtjktTZAczUbfzlG,KAYTRANADA
Breakdance Beach,3FcLZdOxTahWb9gVExZJCh,Hail Mary Mallon
Breakdance of Yao,6RXw2RJWIVr4OzvVJGNzNx,The Shanghai Restoration Project
Yoga Breakdance (Instrumental),1utfDpnWbCFCqS8AnAWTwR,MC YOGI
Yoga Breakdance,3pHtK5qu1R1elKH3vdvHbq,MC YOGI
Breakdance on Broken Glass,4yNolf9Yz4YjbK07QsSsFZ,Plague Vendor
Breakdance,67OytjKZO7ORL6tRIRCe7o,Smoov-E
Breakdance,7mXhmlD4YT8KzqyC6Wmkx2,Various Artists
Breakdance Beach,4luKnziMm1wKtRIQlvUwRv,Hail Mary Mallon
Tourettes Breakdance,1ZBMEqlsbm3J4dpHXTnPEP,Mike Patton
Adult Education,3sIsG7vDZr17BVimMeZZQS,Daryl Hall & John Oates
Adult Education - Remastered,7ADFqIjMLrhRXyWoxeEhGf,Daryl Hall & John Oates
Adult Education - Remastered 2003,6QRXuf3AtNXowhKAgHK5gb,Daryl Hall & John Oates
Adult Education - Remastered 2003,3efKIbzcRAesxVUzcstuYJ,Daryl Hall & John Oates
Adult Education,00n4ygJRp0HJoLokGU0yvA,Daryl Hall & John Oates
Adult Education,2g5LFjzR7ezFVqWpn769I9,Daryl Hall & John Oates
Adult Education - Remastered 2003,63hOqTsIPkNiImEeIvHjtS,Daryl Hall & John Oates
Adult Education - Remastered,5tHaNrAkxO0unWZoEJD5Pe,Daryl Hall & John Oates
Adult Education,7okhR1T5lYw6Df5adNbik2,Hector Highjuice
Adult Education,0JufHY1kdqfNnPJ8BCcmiF,Kat Orlando
They Don't Know,3bzE57iNavJJxXL9GgBiOK,Jason Aldean
They Don't Know,1w1kzejjmiMhdWAOecgo4l,Various Artists
They Don't Know About Us,72C7aUQECOhNtnD0AC36ua,One Direction
They Don't Know,6YdEfXtj0YI5IbiJqVyT1c,Jon B.
They Just Dont Know,33R4sgQiAg8anGWc06juRD,Gyft
They Dont Know,2Zji6amqZbj3jJVLFNJc9g,Chronixx
Don't Think They Know,1lEhGV5EIVEkWqvnUYNcUd,Chris Brown
They Don't Know,0b5w1gamS9f239Sms9guAB,Jon B.
They Don't Know Us,2UX4TCdOd7RMITubWQ9L7e,Borgeous
They Don't Know,55YsMolAhT2hrCeZDox5RF,Masicka
An Innocent Man,1Gg14U26oq94uWcG7khccX,Billy Joel
An Innocent Man,4x1LynYPM9qOtmB7ggoVz0,Billy Joel
An Innocent Man (Glee Cast Version),7xds6y2aqOekhmk6WqMk1Y,Glee Cast
An Innocent Man,0d1LZcddr5RgtSPVlyuC4R,Billy Joel
An Innocent Man,5QGrbGfqfXIcBCHC5PjAfH,Billy Joel
"An Innocent Man - Live 2006 At Madison Square Garden, New York, NY",433pr4AwUy4pKDtBvaSRDS,Billy Joel
An Innocent Man,5HIgihBH0vu0670fQRYkaL,Billy Joel
"An Innocent Man - Live In Russia, 1987",7slap99fDf48wVRYRTKXhf,Billy Joel
"An Innocent Man - Live In Russia, 1987",7ecVTZE2vv8ailTys5NZ2A,Billy Joel
An Innocent Man,69ureMEDFSkJ2tlld4N4Qk,Original Broadway Cast of Movin' Out
Cruel Summer,0wnJdLDUi9fkDl5nxhDlqO,Bananarama
Cruel Summer,4sI7exQBHsJ1NRwjJqWRo2,Daniel Liebt
Cruel Summer,4AxVXHgv0clBuS4dl4S7Gw,Ace of Base
Cruel Summer,3KqXYmnoxw71QlPs9uPdKv,Black Marble
Cruel Summer,3JzgMcn2Um02AC8m0UGqBr,Various Artists
Cruel Summer - Blestenation Mix,5N20hP6UFF9PzKIaqIjSnw,Various Artists
Cruel Summer,2rssAXj3CmR3LaciuEsFWm,Daniella Mason
Cruel Hearts,5RLtWBTTnFzouvkuYDANq1,Möwe
Cruel Summer,7wEPOePTLdTALf4d4lA7MP,Big Rome
Cruel Summer (feat. Malvina),3kG5rhXksvJ2PsV0fuuMUX,HRDY
Dance Hall Days,6ES92LMMYg49sgXRvOPbbH,Wang Chung
Dance Hall Days,3OM0cHwmJv6ZpsCgrEzXPh,Wang Chung
Dance Hall Days (Re-Recorded),41OIyMJsSFMjdjZjL4tHEx,Wang Chung
Dance Hall Days,0c7tbYOHJPmpJqxRebsrBU,Imperial Mammoth
Dance Hall Days,66Dcq5SlqgLArzsYcRedq1,Wang Chung
Dance Hall Days,4GXoogCpnUqYh9bSXbLDS9,Various Artists
Dance Hall Days - Psychemagik Remix,11i89dBpYcDcaa2zHfg0Ab,Wang Chung
Dance Hall Days,5Q9PAYXxIaMqkbF9oYVaKy,Oberhofer
Dance Hall Days,28uHDku5kp3tF6sGc6JNEL,Various Artists
Dance Hall Days,0ztztP6tmxaY4dzcxX2pQ8,Various Artists
Give It Up,3yDhZq8f17SmumVmEyCaRN,KC & The Sunshine Band
Give It Up,7wtyoTQXrHkHj1iOyUJ33B,Victorious Cast
Got To Give It Up (Pt. 1),7pHh9sGZfb7AMoi4NLLYTo,Marvin Gaye
Got To Give It Up (Part 1),1jogl9f7HlgoN817JlwqgY,Marvin Gaye
Give It Up,5dhOWHLE6k2uBeKRwDOniw,Breakfast n Vegas
Give It Up,6zG8ExGPrrmbuli65cZFJG,Angel Olsen
Give It Up,6Cr0TTE9oGeY3KA1VpUmWB,Pepper
Give It Up To Me,6YB6CK4Tsb0BgtxCEL9KlI,Sean Paul
Give It Up,15VojnPQuAQleWQCBkcS5i,Midtown
Give It Up,5v26uKaXYsWRwWF21WVB3S,Knife Party
I'm So Excited,1ot6jEe4w4hYnsOPjd3xKQ,The Pointer Sisters
I'm So Excited,3AgvZyLH4sWkII5bnU80aQ,The Pointer Sisters
I'm so Excited (Remastered),0leCQGo4h9mW6ktZ8wsKb0,The Pointer Sisters
I'm So Excited,1XvrMOEi2oLFYdrkfIX3xG,The Pointer Sisters
"I'm So Excited - 12"" Remix",0QZdWUnsvMCKG7ikgct9wG,The Pointer Sisters
I'm So Excited,53NWOfQXdEmbHqg5FGeXlG,Various Artists
I'm So Excited - Single Remix,2p3lz5KVCKwtHiEmc8nzP3,Various Artists
I'm So Excited,4OGR8bneiqjYPHHm2aolUV,Le Tigre
I'm So Excited (Glee Cast Version feat. The Troubletones),00RY8ND2vmnVaxG7fi2Ndd,Glee Cast
I'm So Excited - Extended Version,3hAlp9aMEgTLgXgqFUufav,The Pointer Sisters
I Still Can't Get Over Loving You,6ISiiE2puBueLDGhsItsuV,"Ray Parker, Jr."
I Still Can't Get Over Loving You,6gmp4cBAgsQOqqZQECbH4u,"Ray Parker, Jr."
I Still Can't Get Over Loving You,0gJFJVnKfdSMoZFBkE7qe4,"Ray Parker, Jr."
I Still Can't Get Over Loving You,0jso5edeRxxQBIS3QVTsHx,Graham BLVD
I Still Can't Get Over Loving You,2EiWUyUga7nzBhMEfs77lp,Starlite Karaoke
Thriller,3S2R0EVwBSAVMd5UMgKTL0,Michael Jackson
Thriller,7azo4rpSUh8nXgtonC6Pkq,Michael Jackson
Thriller,1D9KEXIrlmPUkMTdYzqgX4,Michael Jackson
Thriller - Single Version,20efeySIfZoiSaISGLBbNs,Michael Jackson
Thriller,2LlQb7Uoj1kKyGhlkBf9aC,Michael Jackson
Thriller,07kBp5VuebubsozpQd3nyK,Fall Out Boy
Thriller (Forever) [feat. Ski Mask The Slump God],1NP344u1hDp5kdjpf6K7kL,Ronny J
Thriller,1oTLnm3ScvsmAsYkMe76WT,Fall Out Boy
Thriller (Steve Aoki Midnight Hour Remix),2SrGtpbPh7czhWKGmXk8Aw,Michael Jackson
Thriller - 2003 Edit,0wQy2OO7jKjm0OOmA7gv3f,Michael Jackson
Holiday/Boulevard Of Broken Dreams,0MsrWnxQZxPAcov7c74sSo,Green Day
Holiday,4VgEM12OeaN3GyBV487Me7,Green Day
Holiday,08Wc3X7XNSyF8WYBPt2L8E,Calvin Harris
Holiday,3yP45ZO08QJUyBTo8HGHx2,Quality Control
Roman Holiday,6s8PRmROPJHlqZmu9Bbviz,Halsey
Holiday,4k6ktr10Hczmh55NY3LfJy,Madonna
Roman Holiday,5zPCrJ8VIm9UKRVovQ1s5X,Halsey
Holiday,3ciC6GP8rOPxlkCYQIQ3jW,Vampire Weekend
Holiday/Boulevard Of Broken Dreams,0HJRAM7Gt9jXskuXjZeFX3,Green Day
Holiday,0TZ7zhkR4ffP7m48Env7XG,Chris Young
Breakin'...There's No Stopping Us,2BtIXTKrTGQJeFcIukMR9E,Various Artists
"Breakin'...There's No Stopping Us - 12"" Club Mix",1S8cSlNddmr0Aus5URa6Nm,Various Artists
Breakin..There's No Stopping Us (Breakin),2vAZA55YPfgl7O7oUlGnj3,The Film Score Dance Band
Breakin'...There's No Stopping Us,4Z0QWXEXCa9ZrZmAzT2uqG,Various Artists
There's No Stopping Us (Breakin),3aRy6hnl6jNgX6bQYyTyEU,The Film Score Orchestra
Breakin'...There's No Stopping Us,1J4pRiGTSF0LsZnOhNHhzt,Break Planet
Breakin'...There's No Stopping Us (Originally Performed by Ollie & Jerry) [Vocal Version],2u38vxCx9ijQbpiRk5iJ8I,Mega Tracks Karaoke Band
Breakin'...There's No Stopping Us (Originally Performed by Ollie & Jerry) [Karaoke Version],44wrnoF7vVmsMbY4M9QiWG,Mega Tracks Karaoke Band
Breakin'...There's No Stopping Us (In the Style of Ollie and Jerry) [Karaoke Version],0yxPpKU8cgyxg8EJP3Uwcb,Ameritz Karaoke Entertainment
Breakin'...There's No Stopping Us,7xlUBlEnBf7vO69hgpNI7X,The Hit Crew
Nobody Told Me,2f3iMlOkkfscTf6ffHDS4y,StéLouse
Nobody Told Me - 2010 - Remaster,31QuJZfFiMk1uOawow8ejS,John Lennon
Nobody Told Me,3yWrGtf7d4S3pAjnd0fOre,Puddle Of Mudd
Nobody Told Me,6kxgE6qfqrXsKWMWSbUxaB,B.o.B
Nobody Told Me,5WXEkgp7bPB2ZcPJtTlb6l,Vintage Trouble
Nobody Told Me,6p7iucHUjBPV1UzGWkDkX3,Andrew Bayer
Nobody Told Me,2bGpNLvZqWlYhoD0ryAEpn,Andrew Bayer
Nobody Told Me,6jcSbe2w38QKwUZlIJANTV,Eyehategod
Nobody Told Me,4wNg6JiAkU4AogR0dWbNPn,Above & Beyond
Nobody Told Me,462aejlNiyYuQmSXlYjAMW,Various Artists
Church Of The Poison Mind - 2002 - Remaster,2DEEMhTiUMvkiHFdXkrKfI,Culture Club
Church of the Poison Mind,4BNOhILWVg7NThwsNhpSs8,Boy George
Church Of The Poison Mind - 2002 - Remaster,5BugoJVgZR5AyxSew86mDz,Culture Club
Church Of The Poison Mind - 2002 - Remaster,4V5hIzkbPvXJm0tcEWjUeG,Culture Club
Church of the Poison Mind,0058zvqKijlP4INBrNy8P9,Culture Club
Church Of The Poison Mind - 2002 - Remaster,08hkXCJlTwInAlJQEUnJKu,Culture Club
Church of the Poison Mind (Live),3VbYJPRVj930j2cspZ9BYe,Various Artists
Church of the Poison Mind,4HkGo3ODS8peSqPcbOS56N,SingLike
Church Of The Poison Mind,2p1VOczLwQj5mJxlGpNOku,Satiate
Church of the Poison Mind,1qh5luniqfXDtrlipZZ9g8,The Yell Leaders
Think Of Laura,5jLq63jMFWg0dKHnht6YI0,Christopher Cross
Think Of Laura,1s5LDroPGxBAFkY5Bth6SK,Christopher Cross
I Think Of You,786XnsSIxIrgcUPLYFHjnE,Laura Story
Think of Laura,15sKPNCEjYnXCPJXW366CZ,MYMP
Think Of Laura,5OiEtz9OpKU5b0MJ4vE6gE,Various Artists
I Think Of You,0SV5zKcA8APh6JL5FenGDF,Laura Story
Think Of Laura,74dXeFi7HHadxGcIB6EAYK,Mike Post
Think Of Laura,09ekXVOxueqnChrmXavGXo,Syd Dale New Edition
Think of Laura,3X5mADxzBKTQiDpjrqk1oN,Various Artists
Do You Ever Think of Me,4dMTnofwvvY9GM9CrvWbQv,Laura Cantrell
Time Will Reveal,5jKaFrkFSUqLNDnlGuU3Gb,DeBarge
Time Will Reveal,0JpesS0TxYOzDWArZ7RZnJ,El DeBarge
Time Will Reveal - Long Version,1xaAjDhqEPZ7f3fK4eqHFk,DeBarge
Time Will Reveal,6lKuAmGY6FB0vaNOzrbQ5p,DeBarge
The Lord Is Real (Time Will Reveal),5i3pErnCsiy3RFlUK2E4lF,Blackstreet
Time Will Reveal,2ISTNXttsJI6RppSy4DfOc,Kim Waters
Time Will Reveal (feat. Yung Joc),79NJu9YKXYK3hGysw92GKj,Boyz II Men
Time Will Reveal,4oS2VI0MLLTKALF8GWZhka,Jay R
Time Will Reveal,4tQ8pqtPrz1qI4xZ9ltn1M,Various Artists
Time Will Reveal,2igPUJiVg3hmKzxEzHMFvs,Various Artists
Wrapped Around Your Finger - Remastered 2003,57ljIAuzZgBSzHr3hLYzLZ,The Police
Wrapped Around Your Finger - Remastered 2003,7CWh09VLDQRfj1kuUdrxm7,The Police
Wrapped Around Your Finger - Remastered 2003,3sSfhzuh2n0UG45Otv19jI,The Police
Wrapped Around Your Finger,2bQI01HjqtcZmqAVTjE8CA,The Police
Wrapped Around Your Finger,0TqClKKSehnvm2GaXkBEyK,Inna Vision
"Wrapped Around Your Finger - Live From River Plate Stadium, Buenos Aires",07EkVhJn2GedVKyH4JuoPb,The Police
Wrapped Around Your Finger,01iJO1Bj2vhGaOwJZhDANa,Rockabye Baby!
Got Me Wrapped Around Your Finger,2GrDhBmsZ0ALs63AZTJvET,Pamela Williams
Wrapped Around Your Finger - Live In Atlanta / 2003,4xHaldI03GAH8gGXf5szul,The Police
Wrapped Around Your Finger,5ifQxfmWSy5meGDIH8nOcX,Various Artists
Pink Houses,5JKQMoGmXwDHCodn5pFVHB,John Mellencamp
Pink Houses,2EVMlbOZkfU5htC0C3BUGa,John Mellencamp
Pink Houses,3BOBvqlKutMkpAIp6mSoKR,John Mellencamp
Pink Houses,0k0LUmCoVl91MXvIODRlyD,John Mellencamp
Pink Houses - Bonus Track,69ralFmXmtNuPsgpFUtbbt,John Mellencamp
Pink Houses,0ddztOVqdJw2HJOOIkB6Pf,Avail
Pink Houses,5qGUhmlb4Vy1RZsqMGIl7b,John Mellencamp
Pink Houses,1IztSBR5WdMipF0w2TuaAs,Various Artists
Pink Houses - Live At Town Hall/2003,0AxRPys84oO3KRTy0s1zwf,John Mellencamp
Pink Houses,7t5py9YOa0C87Z0cfMk2rX,Various Artists
Round and Round,5B6Z7NwVqA7W3UFiqBdEJC,Ratt
Round Here,35qwJUKVy1OIt0wQ3xEXi0,Counting Crows
Round And Round,6pLhhL7EzoVWoyvyTBjqP6,Imagine Dragons
Round & Round,5RhxBpoCwX2vLBcSJzYa5j,Selena Gomez & The Scene
Round and Round,0SFS1LxNP5wgnoDA7nGKQu,Ratt
Round And Round,2qKTOaX1ZeMWn3aKhpxkz5,Ariel Pink
You Spin Me Round (Like A Record),0Hxty2K8F2DrrCXQyQVpBo,Dope
Round and round (feat. Han Suji),3vAncbML0jhNrp63DKhsCo,HEIZE
Round & Round,1Tfix64VDRzgF4jLApxgsy,Selena Gomez
Round the Clock,2IJYI3XoSTCXLpWttP68rF,Dan + Shay
Head Over Heels,5DHHbWpMMfNQsJ5CpJKD4i,Seckond Chaynce
"Head Over Heels - Dave Bascombe 7"" N.Mix",5lwQGZYF4BXOzFtXc5zk8q,Tears For Fears
Heels Over Head,4tk347oICCDJExiWHndadC,Boys Like Girls
Head Over Heels,40tF4AA5hOwgQFmnN4KoSV,Sultan + Shepard 
Head Over Heels / Broken,0aF9m87P8Tja3NUMv4DfHt,Tears For Fears
Head Over Heels,3rjONa9b7zc16b8nmXAuCG,The Go-Go's
Head Over Heels,1p46bniF6fC9kT1v5yjJOI,The Go-Go's
Head Over Heels,748yv6bb3l3CcKS45a6SZ8,Tears For Fears
Head Over Heels,2iGMuLTr8WiLNCj5x5ppdC,JD McPherson
Head Over Heels,4FrNFRa2ry8qSE9yoDDTNC,ABBA
The Longest Time,3YhcVZIWyakQSTUJD1YMt4,Billy Joel
The Longest Time,5DH7nDryMhpixm4G4B7RP9,Billy Joel
The Longest Time,5v23eOAHQNRi67BWtzHajx,Billy Joel
For the Longest Time,0PuWvFJqZPJAxZNrFgw8xL,MC6 A Cappella
The Longest Time,1BdKxWZhKdc9JLxrqKmurV,Billy Joel
The Longest Time,7t55iXdopNQ9vNHpPbcdsw,Me First and the Gimme Gimmes
For The Longest Time,5eiKoRyhOIxjuTGsSH8SNT,Hannover Harmonists
For The Longest Time,7jEZs8Q9FbISlDmXy9WQow,Colour The Sky
For the Longest Time,62uLBjJQjrDj9eAjLvp0Gn,Sherwood
For The Longest Time,6JV9oA1oKacPhwEmwfRFSt,Suade
Found/Tonight,0ileL1L3Vtpf5VZ5RQZ94m,Ben Platt
Tonight Tonight,2i0AUcEnsDm3dsqLrFWUCq,Hot Chelle Rae
Save Tonight,1t2Hq2WIBcZINOEnK6mdJG,Eagle-Eye Cherry
In The Air Tonight - 2015 Remastered,18AXbzPzBS8Y3AkgSxzJPb,Phil Collins
"Tonight, Tonight",4iCGSi1RonREsPtfEKYj5b,The Smashing Pumpkins
Gonna Wanna Tonight,6C2XDnr9B6obGMVhHS1Nmo,Chase Rice
The Story Of Tonight,0NJWhm3hUwIZSy5s0TGJ8q,Various Artists
Home Alone Tonight,0RE8WWlaCQM6M4XHUK3u7b,Luke Bryan
Wonderful Tonight,6zC0mpGYwbNTpk9SKwh08f,Eric Clapton
Take Me Home Tonight,63diy8Bzm0pHMAU37By2Nh,Eddie Money
You Really Got A Hold On Me,7zvwxa2s4zIX7y49plhrmo,Percy Sledge
You Really Got A Hold On Me - Remastered,7rgUYidQh5tH0YlXCoKaYJ,The Beatles
You Really Got a Hold on Me,3U7fJ0VfFR1Msntjgd3DPB,She & Him
You Really Got A Hold On Me,1kz3vwmLiBlW3A73exQSNx,Percy Sledge
Got A Hold On Me,0FCgqHNdcbhGIEmU8r6ZF1,Christine McVie
You've Really Got A Hold On Me,0lpMixnQYLyRkvLXpCTkQj,Smokey Robinson & The Miracles
Something's Got A Hold On Me - Single Version,4T43c9I2dDyrrlds7qqS2N,Etta James
Something's Got A Hold On Me - Single Version,1WhtxWwY7ra5rLrlHWWJaI,Etta James
Something’s Got a Hold on Me,7bR4C483mAqkwidrXp9BYw,Angel Snow
You've Really Got A Hold On Me - Alternate Stereo Mix,7ifcJ5DDytGf8aITxmgsLN,Smokey Robinson & The Miracles
Dancing In the Sheets,0Q7aj2T90BmSCv2fLyUkTJ,Various Artists
Dancing in the Sheets,1RSdw50zNWUf9aebDmptZQ,Drew Jacobs
"Dancing In The Sheets - Extended 12"" Remix",34cpJ7FXauQB55kBBCJWzW,Various Artists
Dancing In the Sheets,6Cvbss4ussESAf5N4t8uLa,Various Artists
Dancing in the Sheets,1HDV5ltdR7fuHKPii5LrTr,Shalamar
Dancing In The Sheets,2U5AeRXoWQuGeioc7IJDeE,Doveman
DANCING IN THE SHEETS,5zCt3PDArDqRLF3Nj0CW4G,AIR
The English Dancing Master: The Shaking of the Sheets,65YG1ILrMk7SITJyz8ZUhp,Baltimore Consort
Dancing in the Sheets,3KBxZIE4cLnj8KewqQnC5w,The Karaoke Channel
Dancing in the Sheets,560mhuZDMtfS2aOX3ASeXV,Done Again
Undercover (Of The Night),4N8oxV3hvn8Efyo4yxp3LG,The Rolling Stones
Undercover Of The Night - Remastered,49Dcf6SMQ4g6UpDSqG37KI,The Rolling Stones
Undercover of the Night,37u1YFdnrvlo5ai2zQak5u,Various Artists
Undercover of Night,5XGwaLjJfAB9QIT0J043Jl,The Mid-State Wire
Undercover of 5he Night,1HSJUctOExcFOCqesL2Ltd,Various Artists
Undercover Of The Night,3SNcmlX1ePokpyoZir0n4q,GoodKnight_2
Undercover of the Night,6OChAQnWNdKVpJcA26JaU8,Telamor
Undercover Of The Night,6Xgkyy3SBSvO4hJjQKYkrt,Jumpin' Jack Flash
Undercover of the Night,490PIwCxzKNUIVXxx0VRuU,Various Artists
Undercover of the Night,0jIAQ0hx5NDBPVdvPR6uIx,Neon Venus
On the Run,73OIUNKRi2y24Cu9cOLrzM,Pink Floyd
On The Dark Side,7DhNAYOzIRkEFqimYl2s1G,Soundtrack
On The Dark Side,43C0Xyetqx9zI9AQuuX8pz,John Cafferty
On the Dark Side,3mnNqugL0grFxgGd7J6YCJ,John Cafferty & the Beaver Brown Band
On the Side,5bMAfq1vpa6UJCqm9chApF,Dearth Joy
Yoda And Al On The Dark Side,2suyg9qLS4xD4N95DZfqm9,Frank Caliendo
On The Dark Side,4tLECVYTcc5lvSw7LHVwKV,Various Artists
On the Dark Side,3LA2Gm51WQ4d2l2CptaBab,Various Artists
On the Run,6StJVsCyVZSMjxLcQOgYSz,Gov't Mule
"Shine on You Crazy Diamond, Pts. 1 - 5",00uqS3qHS9VswTE46X6R3s,Gov't Mule
New Moon On Monday,35JVOjqj3ZqdyB8kvynb3q,Duran Duran
New Moon On Monday - 2010 Remastered Version,74tXc7WOWxEDZahXcyPG9D,Duran Duran
New Moon On Monday,36IhL1JanVQd4zVtITqnNX,Duran Duran
New Moon On Monday,3IGF7wqKKovBhyPx9HaYgw,Duran Duran
New Moon On Monday,2WrgOzXnxSnQw3McdGKh7f,Duran Duran
New Moon On Monday - Dance Mix;2010 Remastered Version,25310LOfvA2HXlTTpBl3SU,Duran Duran
New Moon On Monday - Dance Mix,1UeOopuObNyp1O3j4Gtl2k,Duran Duran
New Moon On Monday,0e2rVzl5n3IJQZobPANySZ,Daniel Russell
Twilight - New Moon On Monday,3HIEVIe3WT83ZzHZIVgUdp,Various Artists
Twilight - New Moon On Monday,5QVhXXo778ngeYJdm2TZfi,Various Artists
Major Tom - Coming Home,709ffFK4o4MtG1NKoLvOma,Peter Schilling
Major Tom (Coming Home),5LOSMBA5RjeO84E3RgG3N7,Shiny Toy Guns
Major Tom (Coming Home),2Fv3LHlGOEtT6ryeLkbxaH,The Shermer High Brat Pack
Major Tom (Coming Home) - Adam K & Soha Radio Edit,62tZz8lMilpEf5X41bIEFD,Shiny Toy Guns
Major Tom (Coming Home),3wBKdhQxu43Y3gHKYCjjDW,I Hate Kate
Major Tom (Coming Home),3Slz1I2qGQqAr38kpjGALF,The Contact
Major Tom (Coming Home),5vroCT1nUOwpdAjB66jv9L,William Shatner
Major Tom (Coming Home) - Director's Cut,7r2E6L83OLlp9bwmrkqMo3,Peter Schilling
Major Tom (Coming Home) - Technomancer & Angst Pop Remix,6bXkDOHDphhrabX0mBebh6,Apoptygma Berzerk
Major Tom (Coming Home) - Adam K & Soha Club Edit,5MgZON0eQ5bWpWucpHarsw,Shiny Toy Guns
24K Magic,6b8Be6ljOzmkOmFslEb23P,Bruno Mars
Magic,23khhseCLQqVMCIT1WMAns,Coldplay
Magic,2DvgLLX2ByteZyFz8ByGX4,Rudy Mancuso
Black Magic,5y6pj7OeBFF0CVgZKhRbOG,Little Mix
Magic,3hE9T8H1jzSS0SxLNtUtKl,Various Artists
Magic Carpet Ride,4c4jJJoaiY21t2TyRZgdWS,Steppenwolf
Magic,0FjkcycxVB1Jd7mcdEDDWp,Jauz
Magic,7GYLsGlCPqSkLBNDC5mVyl,Thomas Gold
Library Magic,4HjEsfSpWo8gvZMr9SA3a1,The Head and the Heart
Melanin Magic (Pretty Brown),1OanwtMB8mJvkHMkjJYI2a,Remy Ma
When You Close Your Eyes,5Al4Jbso4nYdZgJ2gSCEzT,Night Ranger
When You Close Your Eyes,0FoB9BAV7B2Kv6NxOFZtSO,Night Ranger
The First Thing You Picture When You Close Your Eyes,1Z5L0KIYRDmxO5Kbpdzg91,Star Slinger
When You Say Nothing at All,1G60o2g78glgxC0No8SsvQ,Keith Whitley
When You Close Your Eyes,6UixNfIDv1i5QhH4wZ9j8u,Carly Simon
When You Close Your Eyes,3uFmX78iNSDCWwOzkCxHJQ,Night Ranger
When You Close Your Eyes - Live,6ql8dRrZERt0vbfNVrXxRG,Night Ranger
When You Close Your Eyes,26KpwlTy32swHEn2db93Bv,Night Ranger
When You Close Your Eyes,0C57U4GI7khQBrsjbtlD10,Styles P
When You Close Your Eyes,4p6vpaEIVSnIq1qckuUby0,Night Ranger
Rock Me Tonite,76zNJvuD3JtuiaWH0OdrWM,Billy Squier
Rock Me Tonite,12c1PXyghlSuNVO9GZi0DH,Billy Squier
Rock Me Tonite - 2002 - Remaster,6oTxxZ5PZcMovSWzehAvwr,Billy Squier
Rock Me Tonite,7CrSe5dRgfaXaivZnJNtnA,Kyle Park
Rock Me Tonite,507iuWV3cCbGLHZ6tkLBW0,Ringo Starr
Rock With Me Tonite,1fwEgiKTW23dHjiZgM9fSy,Midnite Sky
Rock & Roll With Me Tonite,6YiS5vylOBEnoqNFZMtwRm,Dustin Danger
Rock Me Tonite,7BNhZf3BvjRGXNEd7QeFzW,Chords Of Chaos
Rock Me Tonite,6VQN7YTeoCxXYWSBHPeMJr,Black Hole Sun
Rock Me Tonite,3vCOlEwYFGZJ1gLUvsDFnu,Swisher
Yah Mo B There,5edioRF5SIeNzZafgd1Py1,James Ingram
Yah Mo B There - Original Mix,0rT2rAvpyzXHASoNgsVt5b,Twism
Yah Mo B There,1Jxc2aI4CIypBTY1U43ZuG,Jon Gibson
Yah mo b there,4D59l7nekj1ftrA3Diiqz4,Love and Hope
Yah Mo B There,1awj10TsGKso155PfXog1a,Various Artists
Yah Mo B There,1E2HBK4rjX3Mpi04j7GzWG,Various Artists
Yah Mo B There,2LdG8xdqJtHr2qATmMtdzz,Various Artists
Yah Mo B There - Original Mix,6lczRUa7OtjmEVNROZ81yG,Twism
Yah Mo B There,1lRzXjPFFq1cpNtRyEhcGh,Smooth Jazz All Stars
Yah Mo B There,1K4jx8GuGUR1JorOoFZWXI,The Hit Co.
Careless Whisper,4jDmJ51x1o9NZB5Nxxc7gY,George Michael
Careless Whisper,2R7858bg0GHuBBxjTyOL7N,Wham!
Careless Whisper,6I5gEJ0E33DgbtBUFHgD6n,Seether
Careless Whisper,46eHxWRKmtYhUHPDRgclt6,Seether
Careless Whisper,6KsgCYcZKPcBRDNGhiZWRR,Wham!
Careless Whisper,1ZnAm2xoLdujb24Zj0gAAY,Prismo
Careless Whisper,2jgNMF4JYTS8dodci5JHd5,The Supervillains
Careless Whisper,55yOevhR4iAUypVIv62SK0,Alexandr Misko
Careless Whisper,5yB4E4t77x2k0VJTvRazQq,Scott Bradlee's Postmodern Jukebox
Careless Whisper,5NvfpK2IQu6DlfE9I2BbOI,Nataly Dawn
Like A Virgin,1ZPlNanZsJSPK5h9YZZFbZ,Madonna
Like A Virgin,1iaIEmZHrjGzWUmJ9BaFr6,Madonna
Riff Off: Mickey/Like A Virgin/Hit Me With Your Best Shot/S&M/Let’s Talk About Sex/I’ll Make Love To You/Feels Like The First Time/No Diggity,0phwM5a6TdLBDl0F9bk5fl,Various Artists
Like A Virgin (Glee Cast Version featuring Jonathan Groff),7FUNGlYkniRH0qhSHWU5HK,Glee Cast
Like a Virgin Again,4KC5OMoFBGi2F6OjjYaEaB,C Breeze
Like A Virgin,22VWmcVQrYqHT4exHD6mMF,Madonna
Like A Virgin,6eV6EyEL4W2kczmY22AAYa,Caught A Ghost
Like a Virgin,57oYcbIFYn6XIvbL5wHEWw,Various Artists
Like A Virgin - Extended Dance Remix,17WvhmXF06yquUwZjtjHsc,Madonna
Like a Virgin,091TxzNka69xk22UlprIbl,La Quinta Estacion
Wake me up before you go-go UKIUKIUEIKUMIIAPPU,7nNMiMFmH6ecSceb0icEui,Nino and Gogo
Wake Me Up Before You GoGo - Moderne,47KqX7kljdReKuYysnnJ3b,Banda Los Gatchos
Wake Me Up Before You Gogo (F7 Show),29P7SssTGXAtX5SXNk3ITW,Norsk Noteservice Wind Orchestra
"Wake Me up Before You Gogo (From ""Zoolander: Un Descerebrado De Moda"")",20M7KHoG2MNT3f0B5UkZyA,O.S. Collective
I Want To Know What Love Is - Remastered,1JLn8RhQzHz3qDqsChcmBl,Foreigner
I Want to Know What Love Is - Live,6ddbBzIO9aZEyWmwxIDszw,Foreigner
I Want to Know What Love Is,3qTOcH165UGRRH49LMHc8H,Kenny Chesney
I Want To Know What Love Is,69H7ljA6wKkXdyuc8hqoqc,Foreigner
I Want To Know What Love Is,39hkE5vwH6RzPlWAxlT7lr,Mariah Carey
I Want to Know What Love Is,3HszEQiMdPTNcglWcnMGk3,Amason
I Want To Know What Love Is - The Voice Performance,0uBSNU3AVZuJRdbWNofqYr,Chloe Kohanski
I Want to Know What Love Is,5WEOuoVKx3nKnSKwPVvuQk,Various Artists
I Want to Know What Love Is,4lKrezMm07kDro9soksC5Q,Various Artists
I Want To Know What Love Is,6xjpJn267uV55Y2HRkF7ym,Foreigner
I Feel For You,5yR9u8QiOt8hJaddv32oo7,Chaka Khan
I Feel For You,0bNPzbyaT9npwhIP8d2Rsi,Prince
"You Think I Ain't Worth A Dollar, But I Feel Like A Millionaire",68DKrU7sTyDpDA5T3dsOlk,Queens of the Stone Age
I Feel For You,5o5MWTFEhvaQyDP8pqZEXm,Chaka Khan
I Feel For You,26vKwxgkbm2jcKyjvmScPK,Chaka Khan
With You I Feel Alive,77XLHX2kvj4Iok3N5xPPBm,SNCKPCK
I Feel For You,6Va17l1nUCtCD36uctlZUs,AZ
I Feel For You - Remix,04VEU7913wxbcgLOcyqtX6,Chaka Khan
I feel for you - Original,3zAU6cqXVFTzz1Yvnw87x1,Bob Sinclar
I Feel For You,1eEV3wKcq39uL30vhFtjcY,Prince
Out of Touch - Remastered,169oHBed4Nj1Q073yu9bFB,Daryl Hall & John Oates
Out of Touch - Remastered,7o67roCVsFiCt7Cf0ZLOJq,Daryl Hall & John Oates
Out of Touch,2V9XOpWE0capgHnbJkeAh1,Daryl Hall & John Oates
Disconnected (Out Of Touch),0RfkhmnL65lTYSMEgf2ubh,Trapt
Out of Touch (feat. Rome Fortune),0p93CRVvNmE7e3JbihcSMU,Shy Girls
Out of Touch,0xhUYzpw3I8UQbMfMieMEV,Various Artists
Out of Touch - Remastered 2003,4mOLsya7jOsaONExOxpryV,Daryl Hall & John Oates
Out of Touch,1ak4DCo0TcE6t9msznOpSa,Summer Wars
In Reach (Out of Touch),4wi8cHxJs7CtBQvliAq74i,The Wise Man's Fear
Out of Touch,4eYR6iP237dZp9Ebs7PpVe,Various Artists
Everybody Wants To Rule The World,4RvWPyQ5RL0ao9LPZeSouE,Tears For Fears
Everybody Wants To Rule The World - From “The Hunger Games: Catching Fire” Soundtrack,3S1tTwSKIZgf4QGltFyCxM,Various Artists
Everybody Wants to Rule the World,6KOX0WzJWLvcEtHaJCtiKP,Ninja Sex Party
Everybody Wants To Rule The World,1JiHcWvhF1CKccD8H3oiFm,Joseph
Everybody Wants to Rule the World,74XFbM6yTd7Pqwqk7N6wwL,Terri Matheson
Everybody Wants To Rule The World,2GOGDZ9wAJbmznIstAxiU4,Tears For Fears
Everybody Wants To Rule The World,6vvKUK1xZFA0ZEv5idU3MX,Tears For Fears
Everybody Wants to Rule the World,5TYbFzO6KY1OnXs5QMntY7,Brothertiger
Everybody Wants To Rule The World,1bu7GmD0txRIqhXzxartnh,Mayer Hawthorne
Everybody Wants To Rule The World (Glee Cast Version),1e6OU4yB9RQwfeWJQSVbj5,Glee Cast
Money For Nothing,4yqtwO7MQIIXqoiRBPHAgR,Dire Straits
Money for Nothing,1E8qiEnaCzyiOicYsabbtX,Dire Straits
Money For Nothing (feat. Jussie Smollett and Yazz),3G5woJgXr2aw6NBek3S3Oa,Empire Cast
Money For Nothing (feat. Jussie Smollett and Yazz),6bsN626FvuK0M0j8GS7FkI,Empire Cast
Money for Nothing (Live),6f6jpumznoQPDYHxU4fWEr,The Lil Smokies
Money for Nothing - Live Version,2sgWEB7KK9ZUuv2pgOWLTB,Dire Straits
Money for Nothing / Beverly Hillbillies,73zpAPkjcHFhl29MOFlqhK,"""Weird Al"" Yankovic"
Money for Nothing,5JefRhw69YkmzJwJdWp4jU,Gus G.
Money For Nothing,3b9pho4ZBUvZSR9Tmy8h38,The Acacia Strain
Money For Nothing,4HkQDaiwVdS5c7wYMWrEVh,Dire Straits & Mark Knopfler
Crazy For You,142vj1HAI7VBAsn7OPmSHc,Adele
Crazy For You,6B4oVElDIKRNcNUary0WG7,Madonna
Crazy For You,7s3IZYqLTiEB1xWLPUsRgZ,Best Coast
Crazy For You,6G7PVlifniapyhDCmWS2VM,Madonna
Crazy For You,0AMCrMfidNGg46HjJcqVJk,Michael Franti & Spearhead
Crazy for You,6iABG3ruJ1ArrulilbVhai,Madonna
Crazy For You,612bpswbcCmHEudXJ9EHOK,*NSYNC
Crazy For You,0MaUGKb111q3mMorWtzZpY,Mc Magic
Crazy For You,5yXDTOFP5K7YFC0FEHv1ho,Hedley
Crazy For You (feat. BISHØP),2M5zuEq4LbC7v95c6qpPJm,Zonderling
Take On Me,2WfaOiMkCvy7F5fcp2zZ8L,a-ha
Take It Out On Me,4lJc3qljfM9Q67EnimdGUj,Florida Georgia Line
Take A Chance On Me,6vQN2a9QSgWcm74KEZYfDL,ABBA
Take It Out On Me,1RXoCep9hxApPfx8UFsGZk,Thousand Foot Krutch
Take on the World,6J0xeqjdpsUH0W1YBCmD1L,You Me At Six
Take On Me,26BlpGNVcVFAfq5UUv3oEb,Pentatonix
Take on Me,0pfEfe6L4R4x0A8K71RqXG,Ninja Sex Party
Take On Me - Kygo Remix,5UHuuQGEgMbZrYnHjQG9ny,a-ha
Take On Me - Best Of,7IfckgnBsIdP4XE4tfWEDN,Reel Big Fish
Take on Me,0rjXy7RV9LlJIS4Lo4WLEq,Daytime Hooker
Everytime You Go Away - Remastered 2003,6ktlRjmAIzEk3a56L7brb0,Daryl Hall & John Oates
Everytime You Go Away,0IpfTMKENGLJcULkMnU8Rb,Various Artists
Everytime You Go Away - Remastered 2003,0xHY7vg8JCVtndAhpUkyBZ,Daryl Hall & John Oates
Everytime You Go Away,460K7YVYUJTLdO8a7cpt3V,Susan Wong
Everytime You Go Away,5IhWRng9ZfxhIRu167eGxN,Daryl Hall & John Oates
Everytime You Go Away,5IWOfslMWixg2owEHKhTEJ,Richard Clayderman
Everytime You Go Away - Remastered 2003,0XjGqKIJ6MeLyvA9m8uDQb,Daryl Hall & John Oates
Everytime You Go Away,7wv9sgEY1cU4m5zZb5Mwkf,Eddie Lovette
Everytime You Go Away - Live,02PcAr6oD0wSjn6XyGx2Ei,Daryl Hall & John Oates
Everytime You Go Away,33LYu0WRYy3i4REIXhNrGx,Alfred García
Easy Lover,5LYJ631w9ps5h9tdvac7yP,Philip Bailey
Easy Lover,1qEE6kxOZYr1bUEPZYnbyH,Panama Wedding
Easy Lover,6OqvA8eljqHDFTso8szjCe,Various Artists
Easy Lover - Remastered,6Ig2MgU5DLxZx5CphIWHbX,Various Artists
Easy To Be Your Lover,2pTyMp1KoDNsCidTg7Qm64,Tea Leaf Green
Easy Lover - Live,0y3yEUS8KT9jHwHTsaAPp3,Phil Collins
Easy Lover - Remastered,4DnsotUsJyYXUsJr3YqnYA,"Earth, Wind & Fire"
Easy,6ZzxSEswGIgQhfSUFTXiB9,Yuni Wa
Easy Lover,3EKLoLX822zdJbrzNsipIS,Infuze
Easy Lover,2gaUm9SFsX22k2N1NI77nQ,Jaded Heart
Can't Fight This Feeling,5WwqdeavrQrbeAMDxGawse,REO Speedwagon
Can't Fight This Feeling (Glee Cast Version),0mEfpwoi2q2et2SG6SUcOt,Glee Cast
Can't Fight This Feeling,7i9k25ppPUjKX9xjvVRLLL,REO Speedwagon
Can't Fight This Feeling,4oEBCgSWy3RMhGLy4KdLCB,Various Artists
Can't Fight This Feeling,0hxzA1He6ueCrdxZ3AIpCe,Various Artists
Can't Fight This Feeling,4zC2f6KKjnmscQKLJfI7dF,REO Speedwagon
Can't Fight This Feeling (Glee Cast Version),2zhyCYA4LzdhBHY2s5ouyb,Glee Cast
Can't Fight This Feeling,3G1vUYHLjRn3xQPOkOnKO6,Captain Dipper & The Strawberry Girl
I Can't Fight This Feeling Anymore,1m7J3G1CESZOChPp68oRtz,Harley's Studio Band
I Can't Fight This Feeling,66Vjl69kF37IW5JGU8zMat,Bryan Termulo
We Built This City,7aHRctaQ7vjxVTVmY8OhAA,Starship
We Built This City,0TN5VuFB1FqP4359BkL7bA,Aron Wright
We Built This City,1twgMPX6KRG9A6B3Gyz7qu,Various Artists
We Built This City / We’re Not Gonna Take It,4jiIPOU9Ui1iI5udOV0zLv,Various Artists
We Built This City (Glee Cast Version),3jtYDVnci3cPv81FneE9Df,Glee Cast
We Built This City,18oQulZ2Zw72ySqXui2vK7,The Muppets
We Built This City (Re-Recorded) [Remastered],4tNW9al5kXVYyH4X1G7NR7,Pop Star
We Built This City,591y5gtfb2IZX2Nk2M2wIX,Starship
We Built This City,72gPrydMPChYf9xmY9Vy4Z,The Harvard Opportunes
We Built This City / Too Much Time On My Hands,7Jifzq4xPOPsurU32IExz1,Various Artists
The Power Of Love - 2006 Digital Remaster,2olVm1lHicpveMAo4AUDRB,Huey Lewis & The News
The Power of Love,5kK1Iru9ogP3Iy1zsANU1n,Céline Dion
The Power of Love,0sE9ZTxMxYneIUAEHN4Tg7,Gabrielle Aplin
The Power of Love - Radio Edit,5D2LOMq1icc8fjH3seI4qa,Céline Dion
The Power Of Love,0nVqQu7LNToairzQHY8RAW,Various Artists
The Power of Love,18DfMhEx4ddoreHrvZDF6Q,Jennifer Rush
El Poder De Tu Amor - The Power of Love Spanish new version,6DKw9hWpzbP6MKCu11euPw,Ingrid Rosario
The Power of Your Love,7cxJYR854kSbX8g4QFUU12,Hillsong Worship
Ai No Chiara (The Power Of Love),5A4GJ0ZW0LZmpxtyDqVDUc,Izumi Tanaka
The Power of Love,60d5hscpywNKzVlqASBVZL,Ben Rector
Don't You (Forget About Me),0A4PZuepTcIQVvA5m7R0M1,Simple Minds
Don't You (Forget About Me),4aWn4NHlELpOehxsBaQeoe,Simple Minds
Don't You (Forget About Me),6yEAAIEHu4GcUFptg5W9kI,Various Artists
Don't Forget About Me,5kDKuJibPDdGUY0AcyQUgV,Various Artists
Scene Four - Don't You Ever Forget About Me,2wTm4lzLG4EKQxhWHF9VGG,Sleeping With Sirens
Don't You (Forget About Me),5hOaRdlUqUSZ5nv8kQx1DF,The Wind and The Wave
Don't You Forget About Me,4K21nchEz8gMXTuW5vAd1c,Simple Minds
Don't You (Forget About Me),2B3Ns8rUJhbsboJ43yWYbV,Willis Earl Beal
Don't You (Forget About Me),2dEprOQSAHeOhDAoQZxIBT,Various Artists
Don't You (Forget About Me),3e4J1leW67c0va0P1RrkdQ,Various Artists
I Do (Cherish You),24SM5UDYgjEzNUcVu2cURV,Mark Wills
I Do (Cherish You),0p5Bv16XNo5B7AdeKD0H0F,98º
Cherish the Day - Remastered,3q5YxzWc8Sx10l4nbUomIZ,Sade
Cherish The Dead,65bSWR3HvnUEcDQaFnIIsU,$uicideBoy$
Cherish,5RBU3jVYvCdGrARO3kL1hv,Kool & The Gang
Cherish the Day,5ljnOdrl3v8oYC2Llknvna,Sade
Cherish the Day,6ykzs1dqxtygycvjy0Cz4o,Sade
Cherish,5fmtvzDvwlfvNjdNrOj8TA,The Association
Cherish,7BLKBIoijWCkDyOATEr5vW,Madonna
Cherish.,15BvtKq6MTCWjdEiZlQjGu,Xander
St. Elmos Fire (Man In Motion),1A2PWRltFrX8iB8IP3CUgo,Various Artists
St. Elmos Fire (Man in Motion),3FJlGlR7Bov3mFoerie520,Various Artists
St. Elmos Fire (Man In Motion),6MQw8MCKh0Ok5GkEirsaSo,Various Artists
St. Elmos Fire (Man In Motion),2p4o1j1sNJ1iZu8GRycZXa,Various Artists
St. Elmos Fire (Man in Motion),0s0VmQI7ha45VmCslxdazO,Various Artists
St. Elmos Fire (Man In Motion),4lpx6oLAHSqYCchbIxCSQ5,Various Artists
St. Elmos Fire (Man In Motion),0YYWOb53H1bb9G0ZIxeThS,Various Artists
St. Elmos Fire (Man In Motion),2x5NWwX8o8JdRFo6zGsfXs,Various Artists
St. Elmos Fire (Man In Motion),2tQ83rBwmpCHS2XijbMqy9,Various Artists
St. Elmos Fire (Man In Motion),5LnuaKQ6kdf3KHYYdHczS4,Various Artists
"For the Love of You, Pts. 1 & 2",7teF2kwC3GL00mQfwtxzo9,The Isley Brothers
"The Heat Is On - From ""Beverly Hills Cop"" Soundtrack",0Ohb2OGQiYWNVPSMprmBtM,Glenn Frey
"The Heat Is On - From ""Beverly Hills Cop"" Soundtrack",4yVYOpNP5OBi0YyieRL33O,Glenn Frey
"Fight the Power, Pts. 1 & 2",5idtcCtrCgNywqssGXGXTU,The Isley Brothers
The Heat Is On - Live,0XR9WXbbu8tON0qI1kOXQH,Claude-Michel Schönberg
"The Heat Is On, Pts. 1 & 2",1TjuGC31Xiq9VIOcIzI0w6,The Isley Brothers
Born Under Punches (The Heat Goes On) - Remastered & Extended Version,7tZDm498uu16woGTlK1V4p,Talking Heads
The Heat Is On In Saigon - Original London Cast Recording/1989,409TDBEN14qrKvVAwoIcTc,Original London Cast
The Heat Is On,1UbRNvBZIV7jPKAi4T5z4K,Mitch Murder
Some Like It Hot And The Heat Is On - 2005 Remastered Version,5DL6FpOVQxIL1XIvpMevpY,The Power Station
We Are The Champions - Remastered 2011,7ccI9cStQbQdystvc6TvxD,Queen
We Are The World,3Z2tPWiNiIpg8UMMoowHIk,U.S.A. For Africa
We Are One (Ole Ola) [The Official 2014 FIFA World Cup Song],1PCvKFPWnTXAe2oaReVUcr,Pitbull
We Are the World 25 for Haiti,07rhyW77lp2bGv8EQoZy6k,Artists for Haiti
We Are The World,01Mi9xc3nOoxuJWSptf7LY,Various Artists
We Are Sex Bob-Omb,6tHpxFDLucR3Xs9nivuyiO,Various Artists
We Are The Champions,4kzvAGJirpZ9ethvKZdJtg,Queen
We Are One (Ole Ola) [The Official 2014 FIFA World Cup Song] - Olodum Mix,0S2qXOyCf7MJlpxvsmZJVa,Pitbull
Where Are We Going? - Alternate Mix 2,6VbIulRFdgdmcEbTdzgy7h,Marvin Gaye
We Are One (Ole Ola) [The Official 2014 FIFA World Cup Song],59LRO7m84jbrpSaaRxylIi,Various Artists
Shout Out to My Ex,1pwo8l3Ko7idwaz4LVUEC4,Little Mix
Twist And Shout - Remastered,5ZBeML7Lf3FMEVviTyvi8l,The Beatles
Shout,2gQaQUhDCNGfBVXTvxAmXQ,Tears For Fears
Scream & Shout,5r6YGzvr9oZGVK6QVbh0HB,will.i.am
Shout At The Devil,1hqrYSqvNc9x3BETX1cZhk,Mötley Crüe
"Shout, Pts. 1 & 2",5TUa3AsgSh3kJIuXn42wig,The Isley Brothers
Twist And Shout,3LLAyyUl6U1HHd9vVUqf7X,The Isley Brothers
"Shout, Pts. 1 & 2",2ZNTPtYmAhN9vCwnAgqKn1,The Isley Brothers
Shout Mountain Music,1C1QwIyNI2DMoGaMd134e3,Old Crow Medicine Show
Scream & Shout,2iJuuzV8P9Yz0VSurttIV5,will.i.am
Saving All My Love for You,1lx8ddGT5wCD6W2xmLeRKG,Whitney Houston
Saving All My Love for You,44PrZkKrhVakshAlc48zrF,Whitney Houston
Saving All My Love for You,2KtQEHv44Y1US0iaJ41pRA,Whitney Houston
Saving All My Love For You (Glee Cast Version),7u24TFboskaD85ms33FuAf,Glee Cast
Saving All My Love for You,3ihR3mS0KYuMdDhCzrWjZp,Whitney Houston
Saving All My Love for You,2ImYfV5SOPW8IGcohsAhJ6,Susan Wong
Saving All My Love For You,3vLHzGOPHXW7qV3lx8k8tX,Sam Levine
Saving All My Love For You,0ofUXiH2VV4994TgicsjNF,Tom Waits
Saving All My Love For You,67Glac9pSn66nEOl19hwgn,Richard Clayderman
Saving All My Love For You - The Voice Performance,74gyqcl99vub6HHLjGA4ow,Kris Thomas
Heaven,1HXy5I3HTWq8OvxCn0z7G7,Kane Brown
Heaven,1T575AhHueYinKSDflEsGK,Various Artists
